,score,is_test,truth
1873,6.038816e-07,0,0
420,7.074614e-07,0,0
1265,7.426672e-07,0,0
3799,9.624749e-07,1,0
1201,1.0493368e-06,0,0
1503,1.0518055e-06,0,0
820,1.1049814e-06,0,0
2298,1.1096193e-06,1,0
773,1.1313297e-06,0,0
84,1.1314592e-06,0,0
1569,1.1431861e-06,0,0
1555,1.1603263e-06,0,0
3624,1.1691246e-06,1,0
971,1.1709702e-06,0,0
912,1.1999056e-06,0,0
3689,1.3150764e-06,1,0
1259,1.365464e-06,0,0
3341,1.3900694e-06,1,0
1863,1.4089749e-06,0,0
357,1.4448742e-06,0,0
2064,1.4512156e-06,1,0
3644,1.4570094e-06,1,0
1490,1.4632687e-06,0,0
568,1.5346494e-06,0,0
310,1.5501531e-06,0,0
1741,1.61122e-06,0,0
3133,1.676067e-06,1,0
717,1.6904308e-06,0,0
2896,1.7063428e-06,1,0
482,1.7550126e-06,0,0
978,1.7571898e-06,0,0
1097,1.8049282e-06,0,0
1605,1.8374633e-06,0,0
2959,1.9063111e-06,1,0
1585,1.9992929e-06,0,0
228,2.0091632e-06,0,0
1359,2.016898e-06,0,0
3232,2.0234986e-06,1,0
1683,2.0441923e-06,0,0
851,2.0675036e-06,0,0
3715,2.110482e-06,1,0
225,2.2468275e-06,0,0
1586,2.2956106e-06,0,0
1824,2.3667894e-06,0,0
1763,2.4195406e-06,0,0
2547,2.4356211e-06,1,0
3072,2.4548174e-06,1,0
88,2.4954784e-06,0,0
3257,2.4978376e-06,1,0
3544,2.5014754e-06,1,0
959,2.5693112e-06,0,0
682,2.5942654e-06,0,0
1064,2.617569e-06,0,0
1045,2.6332175e-06,0,0
112,2.6335715e-06,0,0
3968,2.6425557e-06,1,0
660,2.68609e-06,0,0
712,2.7949754e-06,0,0
1057,2.796306e-06,0,0
2249,2.8373574e-06,1,0
351,2.8527036e-06,0,0
891,2.864557e-06,0,0
476,2.8649397e-06,0,0
2537,2.893808e-06,1,0
1072,2.8978372e-06,0,0
2637,2.9015757e-06,1,0
2399,2.9089736e-06,1,0
3559,2.913049e-06,1,0
1069,2.9300782e-06,0,0
3069,2.9360642e-06,1,0
3293,2.939911e-06,1,0
1459,2.9409514e-06,0,0
147,2.9657763e-06,0,0
1448,3.0214976e-06,0,0
895,3.0547706e-06,0,0
1892,3.0747917e-06,0,0
692,3.1153177e-06,0,0
3415,3.138889e-06,1,0
3543,3.224776e-06,1,0
769,3.2909609e-06,0,0
1279,3.309729e-06,0,0
2221,3.331205e-06,1,0
973,3.3406125e-06,0,0
140,3.3628824e-06,0,0
1339,3.4490188e-06,0,0
1536,3.4807802e-06,0,0
17,3.543868e-06,0,0
3876,3.5477128e-06,1,0
3811,3.5531302e-06,1,0
575,3.562658e-06,0,0
2539,3.6699269e-06,1,0
1132,3.692557e-06,0,0
862,3.7598168e-06,0,0
3929,3.767742e-06,1,0
209,3.8114063e-06,0,0
1714,3.8772273e-06,0,0
3695,3.8809785e-06,1,0
1827,3.9078905e-06,0,0
248,3.9351803e-06,0,0
2640,3.9839483e-06,1,0
1124,4.012622e-06,0,0
3010,4.058296e-06,1,0
1453,4.1015855e-06,0,0
1362,4.198743e-06,0,0
1840,4.209653e-06,0,0
642,4.2426127e-06,0,0
1745,4.373632e-06,0,0
1303,4.4360672e-06,0,0
595,4.470105e-06,0,0
561,4.4829717e-06,0,0
2275,4.493887e-06,1,0
1120,4.4956187e-06,0,0
3870,4.6065584e-06,1,0
3773,4.6095993e-06,1,0
3734,4.618792e-06,1,0
579,4.6361224e-06,0,0
454,4.6920372e-06,0,0
385,4.70117e-06,0,0
635,4.873677e-06,0,0
735,4.9768296e-06,0,0
1471,5.0749113e-06,0,0
1530,5.1480592e-06,0,0
3439,5.391508e-06,1,0
1996,5.3919293e-06,1,0
715,5.486835e-06,0,0
1507,5.5452783e-06,0,0
2662,5.591425e-06,1,0
1893,5.60287e-06,0,0
3940,5.6388008e-06,1,0
2997,5.6416243e-06,1,0
3864,5.7233174e-06,1,0
1782,5.792345e-06,0,0
1940,5.8113446e-06,0,0
2086,5.822423e-06,1,0
239,5.9217427e-06,0,0
1016,5.9985387e-06,0,0
3064,6.1326073e-06,1,0
530,6.1722e-06,0,0
21,6.1737655e-06,0,0
535,6.1838423e-06,0,0
864,6.309632e-06,0,0
1332,6.325478e-06,0,0
2179,6.3606176e-06,1,0
1727,6.553374e-06,0,0
167,6.595325e-06,0,0
1518,6.691013e-06,0,0
2871,6.8752465e-06,1,0
313,6.9489765e-06,0,0
358,7.019632e-06,0,0
1583,7.062352e-06,0,0
897,7.185535e-06,0,0
2063,7.2399025e-06,1,0
11,7.305598e-06,0,0
18,7.344564e-06,0,0
781,7.4534955e-06,0,0
3321,7.4776176e-06,1,0
1350,7.5432395e-06,0,0
2232,7.553087e-06,1,0
1823,7.6127903e-06,0,0
1594,7.625157e-06,0,0
2976,7.636328e-06,1,0
673,7.640065e-06,0,0
1373,7.78824e-06,0,0
414,7.844166e-06,0,0
3313,7.953079e-06,1,0
2495,7.969852e-06,1,0
3742,8.002564e-06,1,0
3732,8.058423e-06,1,0
2404,8.07876e-06,1,0
3351,8.0953805e-06,1,0
232,8.11647e-06,0,0
214,8.156991e-06,0,0
1239,8.176586e-06,0,0
3208,8.204511e-06,1,0
226,8.2052065e-06,0,0
49,8.21483e-06,0,0
1325,8.300818e-06,0,0
809,8.43041e-06,0,0
2042,8.502586e-06,1,0
2735,8.614953e-06,1,0
602,8.733768e-06,0,0
1212,8.7949675e-06,0,0
64,8.835698e-06,0,0
734,9.082415e-06,0,0
751,9.093387e-06,0,0
194,9.098262e-06,0,0
1182,9.166646e-06,0,0
298,9.222512e-06,0,0
826,9.342255e-06,0,0
1220,9.390633e-06,0,0
2825,9.4279885e-06,1,0
471,9.442862e-06,0,0
1575,9.483998e-06,0,0
1281,9.58034e-06,0,0
980,9.719667e-06,0,0
1552,9.749226e-06,0,0
727,9.867514e-06,0,0
782,9.8972005e-06,0,0
3148,9.9835415e-06,1,0
324,9.989123e-06,0,0
2378,1.0115317e-05,1,0
1514,1.0191269e-05,0,0
2752,1.0525006e-05,1,0
1822,1.0529081e-05,0,0
1297,1.0613715e-05,0,0
674,1.0619213e-05,0,0
2146,1.0693338e-05,1,0
1506,1.0780722e-05,0,0
756,1.0797605e-05,0,0
23,1.08162285e-05,0,0
1190,1.0863658e-05,0,0
2741,1.0864922e-05,1,0
118,1.0953165e-05,0,0
625,1.1009528e-05,0,0
416,1.1084622e-05,0,0
888,1.1110149e-05,0,0
445,1.1131297e-05,0,0
2217,1.114671e-05,1,0
502,1.1201312e-05,0,0
303,1.1203139e-05,0,0
466,1.12148655e-05,0,0
2348,1.1230085e-05,1,0
1062,1.1272327e-05,0,0
1317,1.1338624e-05,0,0
184,1.1358008e-05,0,0
3610,1.1392536e-05,1,0
178,1.142107e-05,0,0
1928,1.1427585e-05,0,0
162,1.1447219e-05,0,0
1760,1.148812e-05,0,0
314,1.1638699e-05,0,0
3821,1.1638955e-05,1,0
8,1.1649949e-05,0,0
1857,1.198993e-05,0,0
1664,1.2007838e-05,0,0
3574,1.2062173e-05,1,0
473,1.2093871e-05,0,0
1672,1.2179265e-05,0,0
1516,1.2207918e-05,0,0
3513,1.2236615e-05,1,0
549,1.2273066e-05,0,0
1740,1.2294422e-05,0,0
940,1.2310261e-05,0,0
3687,1.231867e-05,1,0
906,1.2327355e-05,0,0
1538,1.2332329e-05,0,0
1887,1.2361929e-05,0,0
884,1.2389358e-05,0,0
3388,1.2419098e-05,1,0
992,1.24324415e-05,0,0
836,1.2527678e-05,0,0
585,1.2581555e-05,0,0
1810,1.267634e-05,0,0
518,1.289449e-05,0,0
937,1.29887085e-05,0,0
1429,1.3208796e-05,0,0
3220,1.3241878e-05,1,0
85,1.3539023e-05,0,0
1227,1.3608745e-05,0,0
1652,1.3658437e-05,0,0
1929,1.36816425e-05,0,0
3547,1.369663e-05,1,0
426,1.3942307e-05,0,0
689,1.3977841e-05,0,0
1319,1.3982574e-05,0,0
982,1.39970625e-05,0,0
2910,1.4008358e-05,1,0
1841,1.4024653e-05,0,0
438,1.4112494e-05,0,0
3207,1.4289632e-05,1,0
2451,1.43648895e-05,1,0
3420,1.4385042e-05,1,0
2717,1.4401541e-05,1,0
2051,1.4415309e-05,1,0
1148,1.4496909e-05,0,0
838,1.4508638e-05,0,0
3151,1.46173115e-05,1,0
1346,1.47682895e-05,0,0
1813,1.4841382e-05,0,0
451,1.4870666e-05,0,0
3289,1.4871007e-05,1,0
2516,1.4948287e-05,1,0
428,1.4963403e-05,0,0
169,1.4984682e-05,0,0
360,1.5002927e-05,0,0
3007,1.5017872e-05,1,0
3663,1.507757e-05,1,0
2128,1.5164554e-05,1,0
265,1.539161e-05,0,0
1785,1.544242e-05,0,0
2104,1.5445217e-05,1,0
3140,1.5632662e-05,1,0
1657,1.568494e-05,0,0
129,1.5734862e-05,0,0
3190,1.5809632e-05,1,0
3355,1.5859707e-05,1,0
2001,1.5972711e-05,1,0
19,1.5999054e-05,0,0
749,1.6046544e-05,0,0
1254,1.6072367e-05,0,0
667,1.620383e-05,0,0
1650,1.6354388e-05,0,0
98,1.6357351e-05,0,0
67,1.658369e-05,0,0
771,1.663009e-05,0,0
1735,1.6664924e-05,0,0
1026,1.6704369e-05,0,0
1122,1.6757547e-05,0,0
1616,1.6791206e-05,0,0
1161,1.6914075e-05,0,0
2505,1.695325e-05,1,0
1597,1.7002862e-05,0,0
923,1.705556e-05,0,0
1582,1.7098262e-05,0,0
2115,1.730281e-05,1,0
1137,1.7328108e-05,0,0
1693,1.7346161e-05,0,0
1086,1.7532311e-05,0,0
1147,1.7571363e-05,0,0
1042,1.7761166e-05,0,0
1085,1.7782011e-05,0,0
3977,1.7822025e-05,1,0
2951,1.7911188e-05,1,0
1501,1.8027204e-05,0,0
901,1.8063409e-05,0,0
935,1.8245717e-05,0,0
2463,1.8362882e-05,1,0
2326,1.8376337e-05,1,0
2944,1.8398096e-05,1,0
3605,1.844342e-05,1,0
1645,1.8473009e-05,0,0
302,1.8728693e-05,0,0
3392,1.8786022e-05,1,0
410,1.8786543e-05,0,0
2993,1.8867304e-05,1,0
583,1.8890709e-05,0,0
542,1.8972565e-05,0,0
2428,1.900382e-05,1,0
409,1.9120256e-05,0,0
260,1.9156392e-05,0,0
1945,1.9158457e-05,0,0
1091,1.9191153e-05,0,0
2890,1.941509e-05,1,0
106,1.9706295e-05,0,0
267,1.9715168e-05,0,0
866,1.978897e-05,0,0
835,1.9971045e-05,0,0
1360,2.0118447e-05,0,0
3807,2.019586e-05,1,0
881,2.0199537e-05,0,0
656,2.0316924e-05,0,0
2675,2.0435067e-05,1,0
505,2.0545567e-05,0,0
362,2.058864e-05,0,0
282,2.0632353e-05,0,0
1975,2.0792508e-05,0,0
296,2.0869147e-05,0,0
431,2.088177e-05,0,0
560,2.091565e-05,0,0
1110,2.0996029e-05,0,0
2321,2.1007445e-05,1,0
2073,2.103884e-05,1,0
1749,2.1111879e-05,0,0
2140,2.1154769e-05,1,0
2503,2.1277216e-05,1,0
1111,2.1314745e-05,0,0
1539,2.1506718e-05,0,0
2517,2.1527956e-05,1,0
3038,2.1528756e-05,1,0
758,2.1548474e-05,0,0
3966,2.1591302e-05,1,0
1587,2.1607535e-05,0,0
2160,2.1638918e-05,1,0
1564,2.169959e-05,0,0
1842,2.1720462e-05,0,0
130,2.176448e-05,0,0
1559,2.1801354e-05,0,0
1278,2.18967e-05,0,0
3375,2.1901169e-05,1,0
53,2.1960232e-05,0,0
206,2.248425e-05,0,0
670,2.251573e-05,0,0
847,2.2576814e-05,0,0
1458,2.2602493e-05,0,0
291,2.2633034e-05,0,0
814,2.2692058e-05,0,0
3242,2.2737266e-05,1,0
2920,2.2915376e-05,1,0
1889,2.2972306e-05,0,0
31,2.3041333e-05,0,0
3499,2.310708e-05,1,0
1156,2.3174434e-05,0,0
3442,2.3196988e-05,1,0
1795,2.3226406e-05,0,0
241,2.3340024e-05,0,0
3365,2.3347815e-05,1,0
3568,2.3514982e-05,1,0
1068,2.3536542e-05,0,0
1678,2.3546912e-05,0,0
1372,2.3706843e-05,0,0
3080,2.3733355e-05,1,0
1919,2.374445e-05,0,0
474,2.375455e-05,0,0
334,2.3928596e-05,0,0
3333,2.3996492e-05,1,0
254,2.4005716e-05,0,0
3733,2.413449e-05,1,0
1667,2.4390878e-05,0,0
3703,2.4429011e-05,1,0
179,2.4621097e-05,0,0
1404,2.4624362e-05,0,0
1287,2.4779129e-05,0,0
842,2.4796009e-05,0,0
495,2.4868423e-05,0,0
2218,2.4883844e-05,1,0
2586,2.495352e-05,1,0
794,2.5199743e-05,0,0
2699,2.5225756e-05,1,0
1619,2.5250738e-05,0,0
1959,2.5279822e-05,0,0
1084,2.5452006e-05,0,0
1169,2.5481757e-05,0,0
1540,2.5530066e-05,0,0
3858,2.5598983e-05,1,0
1546,2.5815161e-05,0,0
2016,2.584536e-05,1,0
3028,2.5847112e-05,1,0
3511,2.5934169e-05,1,0
477,2.595379e-05,0,0
2452,2.5970057e-05,1,0
56,2.6017256e-05,0,0
3480,2.6109617e-05,1,0
2973,2.6131116e-05,1,0
273,2.6336436e-05,0,0
516,2.633729e-05,0,0
1301,2.637859e-05,0,0
1428,2.6452877e-05,0,0
544,2.6493524e-05,0,0
3932,2.6612133e-05,1,0
300,2.6703347e-05,0,0
1504,2.6704365e-05,0,0
1081,2.6802796e-05,0,0
813,2.6804637e-05,0,0
43,2.7032025e-05,0,0
247,2.7234477e-05,0,0
1637,2.7360991e-05,0,0
2757,2.7416e-05,1,0
401,2.7430096e-05,0,0
1095,2.7476883e-05,0,0
96,2.7558179e-05,0,0
2053,2.7560913e-05,1,0
3928,2.7626804e-05,1,0
2509,2.7659808e-05,1,0
1059,2.7718957e-05,0,0
3686,2.7763721e-05,1,0
2918,2.7818689e-05,1,0
1253,2.8182805e-05,0,0
195,2.820641e-05,0,0
1007,2.8215934e-05,0,0
2282,2.8329821e-05,1,0
1711,2.846265e-05,0,0
74,2.848364e-05,0,0
81,2.865288e-05,0,0
3274,2.8778191e-05,1,0
3382,2.8822904e-05,1,0
598,2.8832032e-05,0,0
3728,2.8857256e-05,1,0
2733,2.9086963e-05,1,0
1836,2.9225348e-05,0,0
3247,2.9255827e-05,1,0
2123,2.931341e-05,1,0
3919,2.9363018e-05,1,0
1908,2.94742e-05,0,0
2784,2.9513461e-05,1,0
536,2.9573446e-05,0,0
1127,2.9729026e-05,0,0
691,2.9788478e-05,0,0
1003,2.983223e-05,0,0
2204,2.9959328e-05,1,0
1001,2.99595e-05,0,0
3381,3.021031e-05,1,0
3788,3.0468069e-05,1,0
26,3.0529645e-05,0,0
242,3.0738698e-05,0,0
2108,3.077595e-05,1,0
3700,3.0875606e-05,1,0
456,3.1109805e-05,0,0
137,3.1126958e-05,0,0
1396,3.1215543e-05,0,0
3090,3.132122e-05,1,0
138,3.1327196e-05,0,0
2325,3.136594e-05,1,0
1636,3.14606e-05,0,0
2368,3.148041e-05,1,0
1717,3.1493262e-05,0,0
1177,3.149684e-05,0,0
1930,3.150251e-05,0,0
2316,3.151354e-05,1,0
887,3.1571024e-05,0,0
578,3.1573913e-05,0,0
488,3.160407e-05,0,0
1820,3.169794e-05,0,0
484,3.1755306e-05,0,0
2102,3.1831252e-05,1,0
2410,3.1841548e-05,1,0
141,3.1902793e-05,0,0
3401,3.2007192e-05,1,0
1533,3.2010124e-05,0,0
212,3.2061205e-05,0,0
1152,3.2124193e-05,0,0
1589,3.214923e-05,0,0
164,3.2327545e-05,0,0
2620,3.2341482e-05,1,0
1386,3.2498694e-05,0,0
197,3.2530137e-05,0,0
231,3.253727e-05,0,0
1240,3.2600914e-05,0,0
1299,3.2646614e-05,0,0
2124,3.2690947e-05,1,0
1167,3.2735872e-05,0,0
2130,3.27782e-05,1,0
3805,3.2828128e-05,1,0
1426,3.3019398e-05,0,0
3871,3.315274e-05,1,0
525,3.318064e-05,0,0
764,3.319083e-05,0,0
3370,3.3245884e-05,1,0
2905,3.3332708e-05,1,0
1354,3.335131e-05,0,0
2681,3.336986e-05,1,0
2935,3.378623e-05,1,0
1869,3.4055884e-05,0,0
501,3.407726e-05,0,0
1494,3.425562e-05,0,0
2981,3.431941e-05,1,0
693,3.444535e-05,0,0
5,3.462438e-05,0,0
3918,3.4641485e-05,1,0
2519,3.4687073e-05,1,0
3385,3.480195e-05,1,0
39,3.4805467e-05,0,0
954,3.4900026e-05,0,0
2826,3.491524e-05,1,0
3184,3.4919e-05,1,0
3959,3.4946952e-05,1,0
125,3.5143326e-05,0,0
1682,3.540862e-05,0,0
218,3.550769e-05,0,0
1903,3.5579695e-05,0,0
2464,3.5674788e-05,1,0
464,3.5739144e-05,0,0
552,3.5769488e-05,0,0
968,3.58085e-05,0,0
1941,3.58098e-05,0,0
3833,3.5861573e-05,1,0
784,3.5904726e-05,0,0
1560,3.5936926e-05,0,0
2181,3.595427e-05,1,0
1973,3.6123703e-05,0,0
2853,3.6406393e-05,1,0
1180,3.6474747e-05,0,0
1098,3.6513622e-05,0,0
1422,3.6778903e-05,0,0
606,3.6846413e-05,0,0
1379,3.730043e-05,0,0
2661,3.7571826e-05,1,0
699,3.7610364e-05,0,0
3666,3.7662943e-05,1,0
1986,3.78365e-05,0,0
2411,3.8033766e-05,1,0
825,3.846689e-05,0,0
729,3.85454e-05,0,0
1888,3.8815742e-05,0,0
259,3.9052513e-05,0,0
2278,3.9083512e-05,1,0
199,3.935812e-05,0,0
37,3.944063e-05,0,0
2979,3.9810388e-05,1,0
3978,4.0009243e-05,1,0
2201,4.0035506e-05,1,0
1969,4.0090064e-05,0,0
2292,4.0090832e-05,1,0
600,4.023376e-05,0,0
29,4.0268387e-05,0,0
829,4.034719e-05,0,0
1617,4.0363197e-05,0,0
3900,4.0369316e-05,1,0
986,4.0527502e-05,0,0
1355,4.058676e-05,0,0
894,4.059488e-05,0,0
1316,4.101976e-05,0,0
317,4.1067746e-05,0,0
2656,4.1070525e-05,1,0
2902,4.1154864e-05,1,0
2696,4.12034e-05,1,0
3379,4.125168e-05,1,0
7,4.163349e-05,0,0
3670,4.164457e-05,1,0
45,4.1910902e-05,0,0
1768,4.195629e-05,0,0
2116,4.2023e-05,1,0
3059,4.2215637e-05,1,0
1128,4.233586e-05,0,0
111,4.235872e-05,0,0
1080,4.251079e-05,0,0
852,4.2620024e-05,0,0
2363,4.2779524e-05,1,0
3841,4.2814703e-05,1,0
2136,4.2921078e-05,1,0
3450,4.2940315e-05,1,0
1607,4.3061373e-05,0,0
1131,4.339164e-05,0,0
305,4.358523e-05,0,0
669,4.363231e-05,0,0
1029,4.364188e-05,0,0
1349,4.376867e-05,0,0
850,4.4185104e-05,0,0
870,4.4360655e-05,0,0
916,4.442797e-05,0,0
3159,4.4761375e-05,1,0
1467,4.487558e-05,0,0
2354,4.4910856e-05,1,0
104,4.51808e-05,0,0
2771,4.5419565e-05,1,0
1096,4.5510307e-05,0,0
2447,4.557346e-05,1,0
3149,4.564892e-05,1,0
417,4.5652665e-05,0,0
2470,4.597172e-05,1,0
1011,4.6125853e-05,0,0
151,4.6190828e-05,0,0
1584,4.62214e-05,0,0
1288,4.631596e-05,0,0
1884,4.6682806e-05,0,0
3041,4.677742e-05,1,0
3303,4.722388e-05,1,0
159,4.7500973e-05,0,0
3325,4.750754e-05,1,0
567,4.757414e-05,0,0
3336,4.7629474e-05,1,0
30,4.770794e-05,0,0
3437,4.7712034e-05,1,0
1647,4.7810914e-05,0,0
3087,4.8298734e-05,1,0
3541,4.8633356e-05,1,0
1790,4.872722e-05,0,0
1731,4.8735492e-05,0,0
2848,4.8898197e-05,1,0
3512,4.8921658e-05,1,0
1185,4.895493e-05,0,0
1834,4.896203e-05,0,0
468,4.9051152e-05,0,0
3764,4.9186234e-05,1,0
603,4.9236547e-05,0,0
999,4.925242e-05,0,0
512,4.9468712e-05,0,0
1670,4.979021e-05,0,0
1701,4.9811013e-05,0,0
3094,4.997059e-05,1,0
1099,5.018056e-05,0,0
570,5.0641047e-05,0,0
2274,5.0814426e-05,1,0
1162,5.0941446e-05,0,0
1249,5.0944796e-05,0,0
36,5.0999966e-05,0,0
511,5.1074778e-05,0,0
3286,5.1102594e-05,1,0
1051,5.1379313e-05,0,0
2728,5.1388182e-05,1,0
1990,5.14428e-05,0,0
148,5.1572573e-05,0,0
1962,5.1687046e-05,0,0
71,5.1699026e-05,0,0
573,5.1731477e-05,0,0
413,5.1778567e-05,0,0
2245,5.1839823e-05,1,0
3037,5.1850406e-05,1,0
2838,5.1896015e-05,1,0
1032,5.2548694e-05,0,0
3912,5.2884003e-05,1,0
1322,5.317529e-05,0,0
1493,5.3178737e-05,0,0
1233,5.34219e-05,0,0
3736,5.3539097e-05,1,0
2078,5.364325e-05,1,0
3601,5.369566e-05,1,0
772,5.3811305e-05,0,0
563,5.383717e-05,0,0
1947,5.4320746e-05,0,0
1666,5.499401e-05,0,0
1968,5.5413257e-05,0,0
1771,5.542319e-05,0,0
1139,5.5451794e-05,0,0
461,5.5551456e-05,0,0
2796,5.555474e-05,1,0
3264,5.5757697e-05,1,0
3260,5.6339755e-05,1,0
1934,5.6595425e-05,0,0
2867,5.6799265e-05,1,0
3203,5.691963e-05,1,0
315,5.7474073e-05,0,0
905,5.7675406e-05,0,0
1034,5.773484e-05,0,0
2946,5.8021844e-05,1,0
2289,5.807244e-05,1,0
2968,5.8410234e-05,1,0
113,5.8480455e-05,0,0
1811,5.8709946e-05,0,0
307,5.872366e-05,0,0
2884,5.882904e-05,1,0
336,5.9175865e-05,0,0
766,5.9191323e-05,0,0
503,5.925085e-05,0,0
1304,5.964235e-05,0,0
871,5.9814356e-05,0,0
3122,5.9888902e-05,1,0
1269,6.03587e-05,0,0
1956,6.0376715e-05,0,0
2121,6.0835147e-05,1,0
2553,6.0968723e-05,1,0
1911,6.114887e-05,0,0
647,6.1387545e-05,0,0
3620,6.155291e-05,1,0
1807,6.169765e-05,0,0
3820,6.174415e-05,1,0
2283,6.180741e-05,1,0
277,6.1935505e-05,0,0
1606,6.214169e-05,0,0
1600,6.251436e-05,0,0
572,6.259155e-05,0,0
615,6.277326e-05,0,0
3446,6.291481e-05,1,0
341,6.296667e-05,0,0
3628,6.29746e-05,1,0
702,6.306793e-05,0,0
3856,6.326303e-05,1,0
1549,6.350831e-05,0,0
2827,6.3858606e-05,1,0
1639,6.426816e-05,0,0
3893,6.437072e-05,1,0
1078,6.440867e-05,0,0
1331,6.4451e-05,0,0
2583,6.469243e-05,1,0
497,6.482187e-05,0,0
1203,6.497486e-05,0,0
3431,6.5201784e-05,1,0
1687,6.5472945e-05,0,0
3853,6.549543e-05,1,0
102,6.6043765e-05,0,0
434,6.610406e-05,0,0
1732,6.62117e-05,0,0
524,6.622635e-05,0,0
1088,6.652955e-05,0,0
1480,6.657752e-05,0,0
1635,6.673237e-05,0,0
1524,6.675019e-05,0,0
1389,6.711189e-05,0,0
2663,6.7205714e-05,1,0
1553,6.746461e-05,0,0
2484,6.773937e-05,1,0
2792,6.8007714e-05,1,0
1544,6.878976e-05,0,0
3542,6.910021e-05,1,0
70,6.9452326e-05,0,0
3566,6.971842e-05,1,0
2622,6.9824615e-05,1,0
1720,7.021321e-05,0,0
3180,7.0384165e-05,1,0
3141,7.0472546e-05,1,0
1496,7.05745e-05,0,0
1172,7.068165e-05,0,0
2515,7.081787e-05,1,0
1320,7.086043e-05,0,0
970,7.1327064e-05,0,0
2570,7.165163e-05,1,0
3671,7.182135e-05,1,0
700,7.2124094e-05,0,0
626,7.2205985e-05,0,0
238,7.229294e-05,0,0
1632,7.231776e-05,0,0
123,7.240616e-05,0,0
1898,7.255275e-05,0,0
2377,7.260576e-05,1,0
613,7.2827876e-05,0,0
2665,7.290938e-05,1,0
566,7.302022e-05,0,0
1466,7.319975e-05,0,0
1321,7.320826e-05,0,0
1791,7.3591276e-05,0,0
2265,7.3619485e-05,1,0
3874,7.3623974e-05,1,0
1971,7.384871e-05,0,0
1726,7.422289e-05,0,0
624,7.467947e-05,0,0
3433,7.504591e-05,1,0
115,7.538007e-05,0,0
356,7.566404e-05,0,0
719,7.585499e-05,0,0
116,7.610756e-05,0,0
3145,7.719555e-05,1,0
287,7.723193e-05,0,0
1195,7.733009e-05,0,0
2945,7.822202e-05,1,0
1659,7.8295154e-05,0,0
621,7.855946e-05,0,0
2863,7.867476e-05,1,0
290,7.870568e-05,0,0
3590,7.884465e-05,1,0
2524,7.891046e-05,1,0
3083,7.9202444e-05,1,0
154,7.9283294e-05,0,0
953,7.9528334e-05,0,0
1826,8.0055244e-05,0,0
3126,8.03251e-05,1,0
1485,8.108733e-05,0,0
15,8.140094e-05,0,0
1357,8.1652055e-05,0,0
2900,8.17181e-05,1,0
72,8.233628e-05,0,0
2491,8.2739025e-05,1,0
3284,8.3345134e-05,1,0
960,8.358846e-05,0,0
323,8.449476e-05,0,0
903,8.4536674e-05,0,0
610,8.482656e-05,0,0
2532,8.543126e-05,1,0
3685,8.549117e-05,1,0
51,8.552818e-05,0,0
1082,8.582402e-05,0,0
3941,8.59204e-05,1,0
253,8.607778e-05,0,0
3461,8.633023e-05,1,0
3252,8.6713466e-05,1,0
237,8.671413e-05,0,0
1752,8.688554e-05,0,0
486,8.6942404e-05,0,0
1737,8.6945554e-05,0,0
1445,8.696927e-05,0,0
1041,8.759767e-05,0,0
540,8.7629924e-05,0,0
369,8.784218e-05,0,0
3213,8.81714e-05,1,0
832,8.8492925e-05,0,0
1040,8.8770896e-05,0,0
607,8.910139e-05,0,0
3711,8.916608e-05,1,0
2152,8.919551e-05,1,0
1837,8.938368e-05,0,0
2963,8.985473e-05,1,0
1707,8.987993e-05,0,0
3525,9.0091875e-05,1,0
3448,9.05045e-05,1,0
718,9.0510715e-05,0,0
933,9.057789e-05,0,0
592,9.0720954e-05,0,0
1865,9.0902715e-05,0,0
1831,9.114541e-05,0,0
1418,9.213312e-05,0,0
1505,9.2264214e-05,0,0
1716,9.2714894e-05,0,0
1433,9.313439e-05,0,0
1570,9.3255425e-05,0,0
365,9.3343326e-05,0,0
202,9.354604e-05,0,0
2460,9.361878e-05,1,0
3783,9.395084e-05,1,0
3143,9.431303e-05,1,0
3782,9.4545525e-05,1,0
1754,9.5080584e-05,0,0
2191,9.560308e-05,1,0
833,9.566983e-05,0,0
3058,9.5856856e-05,1,0
94,9.614999e-05,0,0
1541,9.715033e-05,0,0
1568,9.742178e-05,0,0
412,9.7620316e-05,0,0
174,9.775306e-05,0,0
1978,9.83479e-05,0,0
1116,9.8448014e-05,0,0
2138,9.847355e-05,1,0
1512,9.870445e-05,0,0
2088,9.901242e-05,1,0
280,9.906824e-05,0,0
364,9.910321e-05,0,0
2747,9.9757606e-05,1,0
1679,0.00010022405,0,0
191,0.00010040543,0,0
946,0.00010064037,0,0
189,0.00010067069,0,0
2604,0.00010109725,1,0
3845,0.000101126374,1,0
2575,0.000101279125,1,0
1522,0.00010160358,0,0
1695,0.00010165658,0,0
3366,0.00010172476,1,0
966,0.00010225118,0,0
2055,0.0001022782,1,0
990,0.00010241737,0,0
448,0.000102590675,0,0
2189,0.00010325029,1,0
1689,0.00010341543,0,0
3402,0.000103429236,1,0
3777,0.00010344384,1,0
1449,0.00010356138,0,0
2448,0.00010361157,1,0
3954,0.00010366315,1,0
2542,0.000104032624,1,0
1640,0.00010465479,0,0
3078,0.00010513261,1,0
322,0.000105204206,0,0
3752,0.00010521725,1,0
1883,0.00010573281,0,0
1694,0.00010635106,0,0
3039,0.00010687645,1,0
1446,0.00010736594,0,0
733,0.00010746909,0,0
1646,0.00010805759,0,0
2566,0.000108164706,1,0
1623,0.00010915099,0,0
3248,0.000110284156,1,0
492,0.00011097545,0,0
3812,0.00011108006,1,0
3178,0.00011108175,1,0
910,0.00011136759,0,0
676,0.000111832414,0,0
2846,0.00011184276,1,0
275,0.000112569054,0,0
985,0.00011304105,0,0
899,0.00011322401,0,0
2986,0.000113289134,1,0
1598,0.00011341031,0,0
859,0.00011378748,0,0
1363,0.00011461379,0,0
2339,0.000114628434,1,0
449,0.00011500112,0,0
203,0.00011554644,0,0
2433,0.00011558545,1,0
1655,0.00011580466,0,0
480,0.00011670214,0,0
1497,0.00011670414,0,0
3019,0.000117780524,1,0
757,0.000118209886,0,0
1352,0.00011823513,0,0
562,0.000118267395,0,0
108,0.000118484335,0,0
1901,0.000118599295,0,0
3030,0.000118644886,1,0
2440,0.0001189285,1,0
1004,0.00011961876,0,0
3455,0.00011972706,1,0
339,0.00012108576,0,0
941,0.00012155765,0,0
3571,0.00012156263,1,0
746,0.00012296936,0,0
9,0.00012364793,0,0
3762,0.000124663,1,0
34,0.00012547466,0,0
1917,0.00012749374,0,0
1776,0.00012753376,0,0
841,0.00012817956,0,0
2623,0.0001288446,1,0
491,0.00012908674,0,0
1832,0.00012955953,0,0
1599,0.00013034925,0,0
930,0.0001308011,0,0
1230,0.00013158823,0,0
404,0.00013170522,0,0
1520,0.00013189261,0,0
3223,0.00013298917,1,0
2940,0.00013315857,1,0
1595,0.00013359009,0,0
1610,0.00013370044,0,0
2921,0.00013394047,1,0
224,0.00013399591,0,0
3719,0.00013469755,1,0
3958,0.0001348443,1,0
132,0.000135419,0,0
774,0.0001355624,0,0
1809,0.00013767248,0,0
2789,0.00013780239,1,0
1234,0.00013798119,0,0
2337,0.00013853874,1,0
680,0.00013895125,0,0
1482,0.00013947506,0,0
1955,0.00013991837,0,0
2721,0.00014055769,1,0
3265,0.00014089787,1,0
494,0.00014134812,0,0
2273,0.00014162093,1,0
1142,0.00014192995,0,0
368,0.00014366822,0,0
1627,0.00014396964,0,0
1696,0.00014434518,0,0
1206,0.0001458274,0,0
155,0.00014609906,0,0
183,0.0001461215,0,0
1609,0.00014708901,0,0
738,0.00014838275,0,0
2601,0.00014860563,1,0
2806,0.00014865112,1,0
1440,0.00014929217,0,0
1529,0.00015005887,0,0
1766,0.00015016136,0,0
653,0.00015064553,0,0
1957,0.00015088906,0,0
1676,0.00015100665,0,0
1089,0.00015134367,0,0
192,0.00015212773,0,0
2617,0.00015236188,1,0
1952,0.00015269668,0,0
1028,0.00015287951,0,0
581,0.00015323094,0,0
736,0.00015380037,0,0
2252,0.00015444671,1,0
308,0.00015515329,0,0
250,0.00015634224,0,0
397,0.00015939541,0,0
3582,0.00016037811,1,0
1216,0.00016209325,0,0
1358,0.0001626863,0,0
1200,0.00016301175,0,0
3683,0.00016503363,1,0
2319,0.00016706102,1,0
3230,0.00016878241,1,0
1557,0.0001688275,0,0
2044,0.00017003265,1,0
2306,0.00017007628,1,0
2724,0.00017109337,1,0
1018,0.00017224211,0,0
532,0.00017307285,0,0
2012,0.000173124,1,0
1430,0.00017330256,0,0
90,0.0001735329,0,0
2225,0.00017468301,1,0
3772,0.00017617173,1,0
3535,0.0001764794,1,0
754,0.00017699541,0,0
1680,0.00017719112,0,0
1223,0.00017743475,0,0
35,0.0001777504,0,0
1982,0.00017854535,0,0
3635,0.00017889334,1,0
1205,0.00017889743,0,0
886,0.00017893291,0,0
2687,0.00017922882,1,0
58,0.0001796362,0,0
3171,0.00018012675,1,0
1630,0.00018134908,0,0
1578,0.00018316037,0,0
3487,0.00018431105,1,0
1738,0.00018620359,0,0
1283,0.00018629787,0,0
3944,0.00018645622,1,0
1778,0.00018846455,0,0
3199,0.00018977732,1,0
1961,0.00019088249,0,0
222,0.00019099504,0,0
873,0.00019176271,0,0
109,0.00019314777,0,0
1030,0.00019429911,0,0
2588,0.00019475464,1,0
744,0.00019488412,0,0
1759,0.00019578723,0,0
988,0.00019807539,0,0
1381,0.00020002035,0,0
3269,0.00020061339,1,0
928,0.00020071997,0,0
2860,0.00020163108,1,0
419,0.0002022077,0,0
173,0.00020312928,0,0
508,0.00020364122,0,0
1942,0.00020371677,0,0
3749,0.0002064849,1,0
1202,0.00020692477,0,0
3219,0.0002081568,1,0
3177,0.00020820346,1,0
1895,0.00020846029,0,0
1618,0.00021062263,0,0
1302,0.00021153007,0,0
389,0.00021402544,0,0
2240,0.00021520369,1,0
1400,0.00021570371,0,0
3070,0.00021987999,1,0
555,0.00022291229,0,0
890,0.00022361265,0,0
1398,0.00022405868,0,0
799,0.00022518735,0,0
2246,0.00022658987,1,0
687,0.0002271538,0,0
41,0.00022767333,0,0
1486,0.00022770283,0,0
671,0.00022887388,0,0
601,0.00022946144,0,0
2129,0.00023140582,1,0
1255,0.00023155457,0,0
1487,0.00023162503,0,0
984,0.00023185305,0,0
1550,0.00023239129,0,0
1918,0.00023410814,0,0
3860,0.00023426242,1,0
1469,0.00023524211,0,0
2989,0.00023732825,1,0
1653,0.00023944565,0,0
3650,0.00023981671,1,0
3456,0.00024093995,1,0
798,0.00024251708,0,0
487,0.00024274587,0,0
1378,0.00024453105,0,0
370,0.00024535193,0,0
1416,0.00024731163,0,0
55,0.00024903155,0,0
983,0.00025030464,0,0
156,0.00025173437,0,0
2335,0.00025221775,1,0
1713,0.0002530859,0,0
402,0.00025620445,0,0
1419,0.00025715522,0,0
1886,0.00025782004,0,0
3926,0.00025858244,1,0
1849,0.00025865913,0,0
2906,0.00025968062,1,0
3697,0.00026512082,1,0
962,0.00026649362,0,0
1576,0.000267362,0,0
1225,0.00026978916,0,0
1621,0.00027002618,0,0
1926,0.00027033917,0,0
2781,0.00027043946,1,0
1879,0.00027601732,0,0
724,0.00027823195,0,0
2401,0.00028010574,1,0
1291,0.00028130526,0,0
1460,0.0002840317,0,0
777,0.0002924711,0,0
204,0.00029288096,0,0
1924,0.00029677936,0,0
77,0.00029820998,0,0
1571,0.0003031534,0,0
1725,0.00030498297,0,0
3964,0.00030633708,1,0
66,0.0003089295,0,0
205,0.00030978068,0,0
3655,0.0003103675,1,0
688,0.00031107134,0,0
126,0.00031159818,0,0
1462,0.00031260034,0,0
3322,0.00031284514,1,0
786,0.0003136233,0,0
849,0.0003138686,0,0
1756,0.00031607453,0,0
1686,0.00031657785,0,0
2576,0.00031787803,1,0
3416,0.000317965,1,0
181,0.00031837326,0,0
3527,0.0003228065,1,0
1364,0.00032305313,0,0
3211,0.00032358486,1,0
3549,0.00032454508,1,0
3584,0.00032492212,1,0
1708,0.00032551342,0,0
258,0.00032693445,0,0
1951,0.00032737138,0,0
1906,0.0003311558,0,0
591,0.00033278632,0,0
1648,0.00033436017,0,0
1638,0.00033614234,0,0
2333,0.00033747585,1,0
1060,0.00033772207,0,0
127,0.0003399291,0,0
904,0.00034120234,0,0
1108,0.00034297892,0,0
3473,0.0003480283,1,0
797,0.0003506702,0,0
944,0.00035351608,0,0
400,0.00035433247,0,0
2385,0.0003543495,1,0
332,0.00035607844,0,0
1660,0.00035640362,0,0
1266,0.0003596017,0,0
1743,0.00036612173,0,0
1742,0.0003666018,0,0
519,0.00036805854,0,0
2475,0.0003716656,1,0
554,0.0003753387,0,0
3829,0.00037834744,1,0
1604,0.0003812018,0,0
640,0.00038646537,0,0
1170,0.00038982293,0,0
256,0.00039186247,0,0
3468,0.00039219734,1,0
1006,0.00039682008,0,0
1761,0.00039967996,0,0
711,0.0004010593,0,0
2205,0.00040663977,1,0
2229,0.00040667952,1,0
2311,0.000417492,1,0
1922,0.000419284,0,0
2820,0.00041997168,1,0
1434,0.00042046714,0,0
319,0.00042090312,0,0
872,0.00042208034,0,0
3329,0.00042524096,1,0
599,0.000427747,0,0
1890,0.00042775637,0,0
3051,0.00042779144,1,0
1107,0.00042792608,0,0
3246,0.0004280501,1,0
868,0.00042954859,0,0
845,0.00043590952,0,0
590,0.00044436322,0,0
411,0.00044457355,0,0
1351,0.0004470096,0,0
3538,0.00044756642,1,0
2956,0.00045019435,1,0
14,0.00045580248,0,0
939,0.00045651256,0,0
879,0.00045901246,0,0
1989,0.00046376523,0,0
3623,0.00046398965,1,0
1087,0.00046589985,0,0
3183,0.0004703691,1,0
993,0.0004740662,0,0
3774,0.0004744835,1,0
110,0.00047668532,0,0
3185,0.00048018692,1,0
3972,0.000480447,1,0
1465,0.0004834791,0,0
767,0.00048399944,0,0
1271,0.00048621462,0,0
614,0.0004870391,0,0
1392,0.0004931465,0,0
1877,0.00049331004,0,0
1134,0.0004946176,0,0
283,0.00049613003,0,0
221,0.0004974887,0,0
1157,0.0004989,0,0
750,0.0004998816,0,0
1090,0.00050032634,0,0
479,0.00050087285,0,0
686,0.00050128635,0,0
1748,0.00050575944,0,0
3672,0.0005059538,1,0
3587,0.00050858746,1,0
186,0.0005117294,0,0
20,0.0005155063,0,0
2029,0.0005196096,1,0
2005,0.00052001915,1,0
1967,0.0005286572,0,0
2271,0.0005323267,1,0
816,0.00053241267,0,0
3449,0.00053339987,1,0
1723,0.000537448,0,0
1073,0.0005386763,0,0
3920,0.0005457082,1,0
244,0.00054934324,0,0
2384,0.00055038434,1,0
1718,0.0005505838,0,0
1523,0.0005518426,0,0
2723,0.0005524141,1,0
3368,0.000556469,1,0
958,0.0005574862,0,0
0,0.0005598152,0,0
2163,0.00056095776,1,0
589,0.0005624364,0,0
180,0.00058205123,0,0
1747,0.00058363826,0,0
1521,0.0005916116,0,0
675,0.0005916537,0,0
974,0.00059879833,0,0
2177,0.000599543,1,0
752,0.00060257345,0,0
1017,0.0006074625,0,0
304,0.00061216735,0,0
1243,0.00061308785,0,0
1174,0.00061522785,0,0
3822,0.00061566255,1,0
2929,0.0006199745,1,0
3602,0.0006227992,1,0
926,0.0006250342,0,0
1077,0.000627583,0,0
3481,0.00063460524,1,0
153,0.0006378301,0,0
3061,0.0006457791,1,0
1668,0.00064819993,0,0
3234,0.000653354,1,0
2373,0.0006554958,1,0
2293,0.00065975636,1,0
1628,0.0006621065,0,0
633,0.0006684341,0,0
3288,0.0006684877,1,0
3831,0.00066873105,1,0
796,0.00067395734,0,0
1375,0.0006812127,0,0
2420,0.00068253675,1,0
2453,0.000684007,1,0
1854,0.00068448664,0,0
1273,0.00068455486,0,0
3374,0.00068886136,1,0
1891,0.0006911087,0,0
844,0.000691353,0,0
1690,0.00069288403,0,0
2203,0.00069554086,1,0
478,0.0006998766,0,0
1483,0.00070396444,0,0
882,0.0007046403,0,0
1437,0.0007076878,0,0
1669,0.000708939,0,0
1251,0.00070987805,0,0
1565,0.0007104682,0,0
2066,0.0007145379,1,0
690,0.00071642076,0,0
1410,0.0007164618,0,0
810,0.0007196431,0,0
3485,0.00072359625,1,0
1038,0.00072769454,0,0
1053,0.00073341874,0,0
969,0.00073391024,0,0
639,0.0007346646,0,0
2350,0.0007381601,1,0
367,0.00073864777,0,0
82,0.00074079074,0,0
3956,0.0007502274,1,0
1371,0.00075387786,0,0
1517,0.00075523905,0,0
1192,0.0007641963,0,0
1183,0.00076643634,0,0
1119,0.0007692288,0,0
3042,0.0007725243,1,0
1970,0.0007753733,0,0
1933,0.00078431866,0,0
880,0.00078446785,0,0
668,0.00078730687,0,0
1207,0.0007901005,0,0
2137,0.00079092087,1,0
694,0.0007921556,0,0
447,0.0007991682,0,0
1439,0.00080487825,0,0
1123,0.0008163262,0,0
337,0.0008174856,0,0
2619,0.00081844744,1,0
979,0.0008285077,0,0
1328,0.00082922407,0,0
114,0.00083240255,0,0
934,0.00083668006,0,0
236,0.0008383711,0,0
3096,0.00084384676,1,0
2193,0.00085000665,1,0
3922,0.000852541,1,0
665,0.0008616843,0,0
1905,0.0008641557,0,0
1194,0.00086654647,0,0
1944,0.0008683301,0,0
190,0.0008785534,0,0
1721,0.0008787266,0,0
1835,0.00088013517,0,0
1294,0.00089217717,0,0
158,0.0008947004,0,0
1608,0.00089997245,0,0
3679,0.0009089962,1,0
1175,0.0009092102,0,0
2974,0.00090986455,1,0
679,0.0009219957,0,0
697,0.0009235791,0,0
1629,0.00092706695,0,0
951,0.0009359376,0,0
1215,0.0009370195,0,0
1334,0.00093711197,0,0
2117,0.0009396869,1,0
3350,0.00094021705,1,0
3399,0.0009416541,1,0
272,0.00094358326,0,0
3599,0.0009463825,1,0
136,0.0009486344,0,0
193,0.00095042255,0,0
1267,0.0009506113,0,0
922,0.00095161045,0,0
2714,0.0009539925,1,0
3167,0.00095423614,1,0
381,0.0009553787,0,0
429,0.00095578295,0,0
1644,0.00095701986,0,0
745,0.00096031494,0,0
2798,0.000962588,1,0
2564,0.0009636547,1,0
2502,0.0009676191,1,0
3245,0.0009742749,1,0
1844,0.0009782485,0,0
1948,0.00098879,0,0
1248,0.0009937017,0,0
684,0.0010009597,0,0
658,0.0010039068,0,0
709,0.0010145511,0,0
1899,0.0010174457,0,0
1774,0.0010198997,0,0
696,0.0010290508,0,0
1566,0.0010293252,0,0
68,0.001029517,0,0
1463,0.001037377,0,0
1035,0.0010399434,0,0
666,0.0010442636,0,0
3553,0.0010445999,1,0
863,0.0010453555,0,0
2194,0.0010455328,1,0
418,0.0010477423,0,0
3344,0.0010480308,1,0
1367,0.0010489078,0,0
1500,0.001051374,0,0
2727,0.0010611492,1,0
2793,0.0010676242,1,0
1002,0.0010723303,0,0
1885,0.0010764354,0,0
168,0.0010807232,0,0
3290,0.0010826075,1,0
1217,0.0010882413,0,0
2858,0.0010919496,1,0
3405,0.0010943115,1,0
2220,0.0010965207,1,0
1022,0.0010968392,0,0
399,0.0011072315,0,0
1197,0.0011084831,0,0
3102,0.0011130548,1,0
3801,0.0011135241,1,0
3955,0.0011140853,1,0
1023,0.0011184557,0,0
765,0.0011198214,0,0
59,0.0011200856,0,0
257,0.001128847,0,0
13,0.0011302436,0,0
645,0.0011306033,0,0
435,0.0011308327,0,0
641,0.0011325144,0,0
3816,0.0011332063,1,0
201,0.0011336758,0,0
3483,0.0011352353,1,0
1626,0.0011390814,0,0
1140,0.0011422156,0,0
1397,0.0011447333,0,0
2134,0.0011549004,1,0
1188,0.0011550335,0,0
1412,0.0011571524,0,0
3318,0.0011617279,1,0
1476,0.0011730951,0,0
326,0.001176292,0,0
608,0.001177381,0,0
3317,0.0011804326,1,0
548,0.0011818948,0,0
972,0.0011855469,0,0
69,0.0011894674,0,0
3410,0.0012054099,1,0
808,0.001207414,0,0
1789,0.0012092406,0,0
1074,0.0012170556,0,0
2930,0.0012224395,1,0
423,0.0012362223,0,0
2631,0.0012395912,1,0
1441,0.001243487,0,0
1324,0.001243661,0,0
1218,0.0012453728,0,0
1705,0.0012586748,0,0
731,0.0012652472,0,0
3691,0.0012657968,1,0
2664,0.0012772767,1,0
3636,0.001280234,1,0
3066,0.0012803865,1,0
2646,0.0012830279,1,0
1345,0.0012838752,0,0
1691,0.0012849186,0,0
594,0.0012871099,0,0
2737,0.0012873281,1,0
1370,0.001292762,0,0
1219,0.0012932639,0,0
2676,0.001295293,1,0
1454,0.001305629,0,0
2891,0.001307979,1,0
2970,0.0013214118,1,0
3641,0.0013221457,1,0
1677,0.0013282703,0,0
920,0.0013333167,0,0
171,0.0013343457,0,0
311,0.0013390164,0,0
795,0.0013434156,0,0
2437,0.0013459129,1,0
3031,0.0013506005,1,0
208,0.0013527276,0,0
1662,0.001352854,0,0
3280,0.0013547972,1,0
911,0.0013551707,0,0
1912,0.001367512,0,0
1792,0.0013705714,0,0
1658,0.0013730531,0,0
1136,0.0013750506,0,0
1368,0.0013801989,0,0
802,0.0013890634,0,0
510,0.0013979258,0,0
1403,0.0014061064,0,0
1981,0.001408093,0,0
3521,0.0014127593,1,0
2901,0.0014155733,1,0
627,0.0014175869,0,0
3477,0.0014217327,1,0
3851,0.0014255063,1,0
948,0.0014259217,0,0
2496,0.0014358357,1,0
3924,0.0014371558,1,0
1383,0.0014392601,0,0
3600,0.0014396873,1,0
1401,0.0014459891,0,0
207,0.0014467341,0,0
1447,0.0014555425,0,0
227,0.0014816357,0,0
2964,0.0014852412,1,0
1622,0.0014877453,0,0
877,0.0014888693,0,0
2236,0.0014980705,1,0
2207,0.0015017526,1,0
1076,0.0015036258,0,0
3107,0.0015045216,1,0
1615,0.0015162108,0,0
1746,0.001519703,0,0
559,0.0015300331,0,0
1033,0.0015310016,0,0
1390,0.001541824,0,0
3120,0.0015429909,1,0
407,0.0015433172,0,0
316,0.0015474381,0,0
2759,0.001548823,1,0
3808,0.0015625815,1,0
629,0.0015697746,0,0
1153,0.001576727,0,0
1231,0.0015808977,0,0
677,0.0015834452,0,0
2849,0.0015929663,1,0
1340,0.0015993052,0,0
818,0.00161825,0,0
3435,0.001621353,1,0
3616,0.001626319,1,0
2624,0.0016294251,1,0
149,0.0016307273,0,0
732,0.0016315039,0,0
779,0.0016375826,0,0
1700,0.0016443891,0,0
1548,0.0016481895,0,0
1730,0.0016537823,0,0
1954,0.0016599202,0,0
1075,0.0016623804,0,0
2917,0.0016763046,1,0
1489,0.0016773175,0,0
2393,0.0016843539,1,0
955,0.001686164,0,0
597,0.0016883984,0,0
3425,0.0016960285,1,0
353,0.0017098043,0,0
2032,0.0017205094,1,0
2774,0.0017243219,1,0
1159,0.0017249007,0,0
262,0.0017321159,0,0
1966,0.0017472983,0,0
2212,0.0017489692,1,0
2500,0.0017789131,1,0
2211,0.0017791872,1,0
2753,0.0017862252,1,0
2467,0.0017902529,1,0
550,0.0018214138,0,0
2308,0.0018220338,1,0
1872,0.0018266279,0,0
2533,0.0018311492,1,0
1286,0.0018380985,0,0
344,0.0018524034,0,0
909,0.0018775264,0,0
636,0.0018824385,0,0
517,0.0018853635,0,0
1199,0.0018856775,0,0
2239,0.001887696,1,0
142,0.0018890521,0,0
3565,0.0018924475,1,0
338,0.0019130453,0,0
834,0.0019169481,0,0
1314,0.0019171945,0,0
997,0.001929664,0,0
1675,0.0019375114,0,0
128,0.0019525497,0,0
1336,0.0019532077,0,0
139,0.0019610184,0,0
1684,0.0019652422,0,0
1510,0.0019761652,0,0
2402,0.0019769291,1,0
233,0.0019776255,0,0
1289,0.0019806675,0,0
1588,0.0019907467,0,0
2379,0.002003886,1,0
395,0.0020039724,0,0
1235,0.0020119203,0,0
981,0.0020317768,0,0
293,0.0020412228,0,0
33,0.0020415403,0,0
1353,0.0020445152,0,0
2729,0.0020473152,1,0
837,0.002066526,0,0
596,0.0020698376,0,0
1800,0.002091791,0,0
2499,0.0021242837,1,1
44,0.002157808,0,0
1232,0.0021676808,0,0
350,0.0021684407,0,0
546,0.0021789249,0,0
1870,0.0021901317,0,0
2531,0.0022054173,1,0
2237,0.0022122704,1,0
2799,0.0022252875,1,0
792,0.0022300612,0,0
1764,0.0022480367,0,0
1642,0.0022514167,0,0
2692,0.0022543985,1,0
900,0.0022625024,0,0
3267,0.0022628014,1,0
2223,0.0022668184,1,0
1329,0.0022684238,0,0
2861,0.002279478,1,0
1452,0.0022804888,0,0
1799,0.0022838626,0,0
650,0.0022921318,0,0
3973,0.0023123259,1,0
3467,0.0023148246,1,0
1894,0.0023188519,0,0
261,0.002328417,0,0
631,0.0023345961,0,0
1027,0.0023373812,0,0
1974,0.0023390318,0,0
2334,0.0023488454,1,0
1338,0.0023581202,0,0
1739,0.0023585765,0,0
3597,0.0023818961,1,0
1736,0.0023911132,0,0
616,0.0024055268,0,0
3034,0.0024130486,1,0
1706,0.0024153134,0,0
1342,0.0024215463,0,0
1380,0.002432575,0,0
515,0.0024350558,0,0
3191,0.0024369794,1,0
1411,0.0024396335,0,0
2443,0.0024588562,1,0
3371,0.0024603796,1,0
1874,0.0024605666,0,0
1492,0.0024677683,0,0
3465,0.0024757206,1,0
2807,0.00247809,1,0
1511,0.002480852,0,0
3360,0.0024935983,1,0
458,0.0024951585,0,0
790,0.0024981403,0,0
938,0.0024999958,0,0
1284,0.0025008533,0,0
1435,0.0025123442,0,0
791,0.002518374,0,0
1847,0.0025399197,0,0
539,0.0025429137,0,0
3657,0.0025471516,1,0
3554,0.0025477163,1,0
213,0.002550973,0,0
384,0.0025680389,0,0
485,0.0025798953,0,0
38,0.002588186,0,0
1163,0.0025900383,0,0
1685,0.0025910607,0,0
160,0.0025959266,0,0
3204,0.002600086,1,1
2413,0.0026081707,1,0
3716,0.0026117596,1,0
848,0.0026146623,0,0
427,0.0026173363,0,0
3460,0.0026249317,1,0
704,0.0026423011,0,0
2442,0.0026464614,1,1
24,0.0026613167,0,0
3965,0.0026627292,1,0
1290,0.0026663027,0,0
2435,0.0026758472,1,0
2809,0.0026793033,1,0
1280,0.0026902016,0,0
521,0.0027070825,0,0
1913,0.0027087296,0,0
1477,0.0027090397,0,0
2473,0.0027108754,1,0
2199,0.0027253958,1,0
321,0.0027362537,0,0
1488,0.0027363787,0,0
12,0.0027379468,0,0
630,0.0027514526,0,0
3526,0.0027574585,1,0
1191,0.0027594825,0,0
3372,0.0027819525,1,0
1417,0.0028016088,0,0
1819,0.0028248765,0,0
198,0.002841295,0,0
2573,0.002843417,1,0
22,0.0028434396,0,0
229,0.0028582131,0,0
1699,0.0028742084,0,0
2535,0.0028792883,1,0
2520,0.0028860318,1,0
961,0.0028986188,0,0
6,0.0028988086,0,0
394,0.0028994996,0,0
1925,0.0029238346,0,0
220,0.002929239,0,0
1298,0.002948416,0,0
1242,0.0029494013,0,0
1293,0.0029509808,0,0
3756,0.0029697644,1,0
827,0.0029698208,0,0
2494,0.0029735083,1,0
1710,0.0029867678,0,0
440,0.0030026396,0,0
460,0.0030050173,0,0
1788,0.0030136567,0,0
1150,0.003026871,0,0
1178,0.0030355628,0,0
3560,0.0030464255,1,0
78,0.0030565828,0,0
2281,0.0030577614,1,0
1146,0.0030603106,0,0
1019,0.003085531,0,0
3537,0.0030888065,1,0
415,0.003096002,0,0
3962,0.003135496,1,0
3035,0.0031384726,1,0
994,0.0031604972,0,0
1547,0.0031682672,0,0
823,0.0031779518,0,0
3079,0.0031797152,1,0
348,0.0031870417,0,0
4,0.0031971072,0,0
60,0.0032117395,0,0
3440,0.0032130925,1,0
2351,0.00322409,1,0
2224,0.00323433,1,0
2816,0.0032352682,1,0
1498,0.0032405283,0,0
2256,0.003267398,1,0
3659,0.0032873936,1,0
1772,0.0033003998,0,0
620,0.0033006647,0,0
352,0.0033063295,0,0
547,0.0033151628,0,0
1612,0.0033304207,0,0
3367,0.0033320102,1,0
2095,0.0033453095,1,0
3417,0.003361907,1,0
2172,0.0033758613,1,0
3746,0.0033820309,1,0
1801,0.0033876237,0,0
1000,0.0034126053,0,0
1025,0.0034190624,0,0
1224,0.0034223625,0,0
246,0.0034268734,0,0
3243,0.00343126,1,0
2561,0.00343419,1,0
73,0.0034422704,0,0
3645,0.0034478728,1,0
1803,0.0034484724,0,0
509,0.0034526275,0,0
843,0.0034612054,0,0
3307,0.0034626995,1,0
2235,0.003489685,1,0
3735,0.0034940306,1,0
1395,0.0035207488,0,0
2504,0.0035248934,1,0
54,0.003526386,0,0
2585,0.0035489458,1,0
2371,0.0035514322,1,0
3299,0.003579942,1,0
1479,0.0035889207,0,0
708,0.0036105318,0,0
251,0.0036285475,0,0
1168,0.0036451246,0,0
2426,0.003677557,1,0
2645,0.0036817696,1,0
3489,0.003685378,1,0
65,0.0036948046,0,0
1946,0.0037053444,0,0
2269,0.003727206,1,0
664,0.0037465256,0,0
1330,0.0037513557,0,0
469,0.003783525,0,0
947,0.003786641,0,0
271,0.0038141077,0,0
3806,0.0038207215,1,0
32,0.0038271241,0,0
977,0.0038313442,0,0
915,0.0038469431,0,0
1282,0.003849625,0,0
425,0.00385032,0,0
1382,0.0038628865,0,0
3580,0.003862912,1,0
1861,0.0038969435,0,0
805,0.0039042188,0,0
3611,0.003914251,1,0
2528,0.0039179195,1,0
1633,0.00391857,0,0
936,0.0039248397,0,0
2266,0.0039409213,1,0
1310,0.0039428854,0,0
1143,0.0039650616,0,0
2975,0.003985172,1,0
1641,0.0039858576,0,0
3878,0.00400353,1,0
582,0.0040781246,0,0
1671,0.0040951837,0,0
1709,0.004096146,0,0
483,0.0041042813,0,0
3609,0.0041071395,1,0
361,0.004113817,0,0
346,0.0041199694,0,0
269,0.00412211,0,0
529,0.0041897637,0,0
452,0.0042093555,0,0
52,0.0042358753,0,0
264,0.0042613014,0,0
1333,0.004285961,0,0
3819,0.0043322793,1,0
812,0.0043370705,0,0
421,0.004338232,0,0
166,0.0043392656,0,0
504,0.004340725,0,0
780,0.0043508597,0,0
3885,0.004358751,1,0
2907,0.0043774084,1,0
391,0.0043898495,0,0
716,0.004391921,0,0
875,0.0044348766,0,0
1450,0.004462915,0,0
1008,0.004481427,0,0
1238,0.0045016524,0,0
3001,0.0045195734,1,0
2153,0.0045471,1,0
1729,0.004562624,0,0
2454,0.0045690993,1,0
1556,0.0046002744,0,0
1850,0.0046185995,0,0
740,0.004668452,0,0
1307,0.0047026267,0,0
821,0.0047144475,0,0
1816,0.0047279634,0,0
1427,0.00475478,0,0
3622,0.004758776,1,0
2297,0.0047910116,1,0
1323,0.0048375544,0,0
1252,0.0048487377,0,0
3539,0.0048859157,1,0
200,0.0048992927,0,0
2912,0.0049118083,1,0
2429,0.004916981,1,0
2309,0.004923251,1,0
3908,0.0049446602,1,0
2745,0.0049713086,1,0
1614,0.0050282064,0,0
3921,0.0050311843,1,0
1270,0.0050548185,0,0
1277,0.005086201,0,0
2688,0.0051149568,1,0
1631,0.005124993,0,0
459,0.0051304717,0,0
3531,0.0051309336,1,0
157,0.005156486,0,0
3614,0.005176765,1,0
1798,0.0051794057,0,0
1734,0.005209783,0,0
896,0.005219442,0,0
932,0.005230429,0,0
2329,0.0052864915,1,0
1921,0.0053036152,0,0
3646,0.0053135203,1,0
2589,0.005353484,1,0
3828,0.005395862,1,0
1164,0.0054105995,0,0
1755,0.005446903,0,0
442,0.0054659843,0,0
678,0.0055321837,0,0
643,0.005536522,0,0
644,0.005602429,0,0
1805,0.005636766,0,0
396,0.0056390283,0,0
403,0.005639419,0,0
1420,0.005656584,0,0
2842,0.0056762313,1,0
1590,0.0056983484,0,0
1258,0.005699872,0,0
1797,0.0057267374,0,0
1184,0.005753609,0,0
376,0.00578412,0,0
3335,0.0058077006,1,0
1408,0.00581582,0,0
921,0.0058297627,0,0
1260,0.005832742,0,0
1572,0.0058531063,0,0
1531,0.0058971928,0,0
1923,0.005903461,0,0
1315,0.005910489,0,0
3561,0.0060515683,1,0
1808,0.0060687265,0,0
3174,0.0061016325,1,0
62,0.006122778,0,0
2995,0.006174113,1,0
2038,0.006280958,1,0
50,0.0063085933,0,0
462,0.0063135154,0,0
1112,0.0063392823,0,0
2559,0.0063668187,1,0
1327,0.006379803,0,0
1436,0.0064260596,0,0
3163,0.0064391517,1,0
856,0.006453499,0,0
1592,0.006470208,0,0
2598,0.006535068,1,0
1226,0.006550693,0,0
1881,0.00656336,0,0
2434,0.0066213175,1,0
1024,0.0066335863,0,0
433,0.006703695,0,0
1499,0.006765613,0,0
1056,0.006785473,0,0
908,0.0067943195,0,0
1103,0.0068432624,0,0
3311,0.00685465,1,0
266,0.006973114,0,0
634,0.0070101554,0,0
1384,0.007031936,0,0
1491,0.0070502628,0,0
2801,0.0071408413,1,0
1118,0.0071427347,0,0
1758,0.0071575344,0,0
1236,0.0071960017,0,0
1151,0.0072232927,0,0
2834,0.0072484897,1,0
761,0.0072917067,0,0
534,0.007309587,0,0
1875,0.0073253545,0,0
1591,0.007339112,0,0
1171,0.007395904,0,0
3376,0.0074318093,1,0
2850,0.0074865096,1,0
3084,0.007504612,1,0
3615,0.0075214617,1,0
2779,0.0075360704,1,0
297,0.0075571053,0,0
3869,0.007578368,1,0
649,0.007626914,0,0
150,0.007675395,0,0
1513,0.007681739,0,0
2070,0.0077585173,1,0
695,0.007767214,0,0
475,0.007790378,0,0
1853,0.007813331,0,0
739,0.007817989,0,0
2621,0.007837717,1,0
3758,0.00785961,1,0
822,0.00788751,0,0
1987,0.007905384,0,0
1988,0.007930443,0,0
3823,0.007983752,1,0
1920,0.0079981275,0,0
1165,0.008033499,0,0
883,0.0080394335,0,0
1343,0.008067591,0,0
3394,0.008075345,1,0
89,0.008119107,0,0
2456,0.008175675,1,0
558,0.008250358,0,0
659,0.008280235,0,0
3285,0.008280243,1,0
3862,0.008324068,1,0
556,0.008378901,0,0
1783,0.008381634,0,0
1361,0.008394703,0,0
728,0.00842163,0,0
3287,0.0084818015,1,0
705,0.008485017,0,0
375,0.008630096,0,0
306,0.008685201,0,0
943,0.008708395,0,0
1306,0.008877877,0,0
1526,0.008894579,0,0
3129,0.0089318445,1,0
770,0.008932475,0,0
522,0.008980895,0,0
2548,0.008990181,1,0
393,0.009020766,0,0
3813,0.009024142,1,0
1802,0.009174107,0,0
1984,0.009415493,0,0
2616,0.0094221,1,0
1864,0.009425889,0,0
3378,0.009440159,1,0
2008,0.009466478,1,0
1508,0.009501371,0,0
2748,0.009667043,1,0
285,0.00974321,0,0
3516,0.009831624,1,0
1821,0.009838846,0,0
3212,0.009869002,1,0
3340,0.01012264,1,0
2851,0.010185557,1,0
3342,0.010195744,1,0
533,0.010205373,0,0
143,0.010254218,0,0
725,0.010361118,0,0
1880,0.010425799,0,0
831,0.010514709,0,0
289,0.010605826,0,0
789,0.010665886,0,0
1830,0.010718282,0,0
388,0.0108474,0,0
422,0.010886275,0,0
541,0.010900749,0,0
3939,0.010951776,1,0
2596,0.010970483,1,0
3796,0.0110450685,1,0
2908,0.011058056,1,0
1855,0.011152761,0,0
726,0.0111847585,0,0
1980,0.011390003,0,0
1502,0.011473495,0,0
2414,0.0114882905,1,0
1532,0.011494357,0,0
1602,0.011717998,0,0
553,0.011724201,0,0
1012,0.01173941,0,0
309,0.011771356,0,0
1882,0.011808272,0,0
1394,0.011831855,0,0
3684,0.01186846,1,0
2497,0.011882314,1,0
1457,0.011934804,0,0
662,0.0119816335,0,0
3282,0.011990516,1,0
1341,0.012063692,0,0
240,0.012190446,0,0
1020,0.012292622,0,0
2142,0.01233516,1,0
1719,0.012344389,0,0
2726,0.012348731,1,0
122,0.01240475,0,0
1221,0.012527666,0,0
1058,0.012571187,0,0
1985,0.012573625,0,0
3331,0.0126995975,1,0
3724,0.012872579,1,0
1054,0.012881622,0,0
2522,0.012890331,1,0
3221,0.012917578,1,0
2824,0.012917815,1,0
235,0.01294295,0,0
3214,0.013011461,1,0
1474,0.013186274,0,0
2988,0.01319725,1,0
1663,0.013267026,0,0
506,0.013331174,0,0
807,0.013357071,0,0
2894,0.013361081,1,0
3384,0.013390795,1,0
1015,0.013414351,0,0
3217,0.013427314,1,0
1751,0.013453648,0,0
3047,0.01346531,1,0
3651,0.013543604,1,0
1166,0.013626755,0,0
2654,0.013793017,1,0
817,0.014138197,0,0
1963,0.014273828,0,0
737,0.014312524,0,0
1208,0.014449462,0,0
75,0.014474941,0,0
1424,0.014564397,0,0
819,0.014565753,0,0
3309,0.014572469,1,0
3569,0.01484566,1,0
1562,0.014925148,0,0
655,0.014931543,0,0
465,0.015190326,0,0
1461,0.015227269,0,0
657,0.015247082,0,0
3725,0.015386405,1,0
742,0.015524388,0,0
1581,0.015651627,0,0
135,0.015651911,0,0
3459,0.015786998,1,0
3132,0.015914073,1,0
3722,0.015958866,1,0
628,0.016067715,0,0
949,0.016086783,0,0
1858,0.016124494,0,0
1125,0.01620222,0,0
2375,0.016293481,1,0
618,0.016482959,0,0
2479,0.01650864,1,0
2668,0.016824188,1,0
444,0.016833689,0,0
778,0.016869007,0,0
1443,0.01692109,0,0
1757,0.016953722,0,0
3444,0.017071864,1,0
1070,0.017163906,0,0
347,0.017219216,0,0
995,0.017224414,0,0
182,0.017348355,0,0
1577,0.017472453,0,0
1308,0.017538965,0,0
3471,0.01771351,1,1
3119,0.017821431,1,0
1992,0.017822035,1,0
1909,0.017849458,0,0
3147,0.017940829,1,0
885,0.018009901,0,0
3621,0.018024212,1,0
3253,0.018025659,1,0
878,0.018104926,0,0
312,0.01814644,0,0
793,0.018303324,0,0
3506,0.018309958,1,0
1681,0.01842307,0,0
1794,0.018646339,0,0
787,0.01900451,0,0
1543,0.019406885,0,0
855,0.019422729,0,0
2158,0.019464163,1,0
1094,0.019644232,0,0
1702,0.02016389,0,0
3882,0.020233944,1,0
318,0.020278124,0,0
1649,0.02041006,0,0
1781,0.020660948,0,0
3714,0.021003023,1,0
925,0.021090314,0,0
1839,0.021298278,0,0
3647,0.021329187,1,0
1039,0.021414496,0,0
1601,0.021416852,0,0
1563,0.021480998,0,0
3503,0.021796452,1,0
3040,0.0219013,1,0
1470,0.022168478,0,0
1213,0.02235635,0,0
924,0.022364201,0,0
3927,0.022582272,1,0
654,0.022607569,0,0
3981,0.022644117,1,0
2056,0.022678513,1,0
28,0.022797642,0,0
3515,0.0232841,1,0
1643,0.02344742,0,0
840,0.02345796,0,0
2361,0.023675337,1,0
2830,0.02391703,1,0
2185,0.024046155,1,0
3863,0.024412882,1,0
2764,0.024591004,1,1
2197,0.024628282,1,0
2689,0.024659734,1,0
1692,0.024883475,0,0
2953,0.025293056,1,0
1724,0.025307586,0,0
3475,0.026279144,1,0
3013,0.026402725,1,0
500,0.026691724,0,0
3268,0.026928969,1,0
2558,0.027150786,1,0
1262,0.027187767,0,0
382,0.0280147,0,0
120,0.028055303,0,0
2145,0.028452901,1,0
1515,0.028582297,0,0
288,0.028743464,0,0
537,0.028990105,0,0
223,0.029125685,0,0
967,0.029130131,0,0
2755,0.029160846,1,0
776,0.02946821,0,0
577,0.029873837,0,0
1046,0.030037588,0,0
3791,0.03041837,1,0
2773,0.030631937,1,0
1818,0.030788722,0,0
1275,0.030896664,0,0
245,0.030960493,0,0
3339,0.031653665,1,0
2506,0.031862732,1,0
672,0.031876184,0,0
152,0.03192425,0,0
1130,0.031944446,0,0
161,0.032669142,0,0
557,0.033063024,0,0
1762,0.0331006,0,0
1817,0.033450566,0,0
3026,0.03354992,1,0
2819,0.033636097,1,0
1960,0.033896495,0,0
1,0.034064334,0,0
1964,0.034314007,0,0
1654,0.034316957,0,0
3572,0.03436646,1,0
3677,0.03448917,1,0
3490,0.03566886,1,0
103,0.035758913,0,0
2405,0.035885878,1,0
1478,0.035959013,0,0
1335,0.03617007,0,0
898,0.036905747,0,0
619,0.03775756,0,0
499,0.03794837,0,0
1241,0.038063932,0,0
3479,0.038651735,1,0
3006,0.038801003,1,0
1186,0.038872875,0,0
2009,0.03898915,1,0
1309,0.040122043,0,0
2342,0.04013682,1,0
1210,0.0402992,0,0
3741,0.040818077,1,0
569,0.040907484,0,0
3674,0.041072194,1,0
1596,0.041191198,0,0
284,0.041557953,0,0
1620,0.04163671,0,0
3767,0.041713133,1,0
1979,0.04180535,0,0
2788,0.041949157,1,0
3173,0.04276438,1,0
917,0.043236136,0,0
292,0.043377236,0,0
371,0.04375428,0,0
1613,0.0439683,0,0
2666,0.043988764,1,0
2072,0.044368725,1,0
3770,0.044467464,1,0
493,0.044582482,0,0
2712,0.044639412,1,0
1010,0.04496366,0,0
1806,0.045798376,0,0
3585,0.045894157,1,0
1843,0.045915104,0,0
1833,0.046280324,0,0
576,0.046703808,0,0
124,0.04699042,0,0
1405,0.04711798,0,0
2340,0.047274876,1,0
424,0.047344618,0,0
1468,0.047559936,0,0
1525,0.04758383,0,0
2697,0.048276644,1,0
1674,0.048855886,0,0
1318,0.049133353,0,0
1126,0.04929648,0,0
580,0.04946726,0,0
3036,0.04951418,1,0
586,0.051403794,0,0
2678,0.051500928,1,0
1305,0.051771756,0,0
3979,0.051905554,1,0
3071,0.052847665,1,0
121,0.05376269,0,0
1092,0.054662492,0,0
902,0.05518223,0,0
2231,0.05551344,1,0
379,0.055773724,0,0
3046,0.056379806,1,0
196,0.05780761,0,0
2667,0.05899356,1,0
3785,0.06011574,1,0
2118,0.060566805,1,0
3052,0.062652335,1,0
3108,0.0629853,1,1
3792,0.06310523,1,0
929,0.0636642,0,0
1567,0.064017385,0,0
1456,0.06488953,0,0
528,0.06503976,0,0
1198,0.06510035,0,0
268,0.06516893,0,0
252,0.06537103,0,0
1937,0.06544098,0,0
1936,0.06586074,0,0
1376,0.06651638,0,0
741,0.06662038,0,0
91,0.066693194,0,0
1313,0.06673501,0,0
219,0.066944346,0,0
1796,0.066948086,0,0
1779,0.06719254,0,0
342,0.067714855,0,0
3229,0.06773614,1,0
638,0.06895094,0,0
3098,0.06982511,1,0
1697,0.071092084,0,0
3496,0.073356874,1,0
2511,0.07439283,1,1
1311,0.07767188,0,0
1173,0.07853563,0,0
1250,0.078786574,0,0
325,0.079488896,0,0
439,0.080173895,0,0
2639,0.08084782,1,0
387,0.081208505,0,0
1780,0.08172606,0,0
2087,0.084477015,1,0
854,0.084789306,0,0
3626,0.08482354,1,0
270,0.0855392,0,0
119,0.08654577,0,0
748,0.08708665,0,0
1055,0.0876282,0,0
2636,0.08818024,1,0
163,0.08851642,0,0
2651,0.08870636,1,0
1093,0.08999106,0,0
1603,0.09035425,0,0
1050,0.09287804,0,0
165,0.0948415,0,0
1149,0.094869986,0,0
3637,0.09494019,1,0
2684,0.09530324,1,0
1247,0.09682896,0,0
1047,0.09876363,0,0
3166,0.09881741,1,0
2983,0.099297315,1,0
1043,0.09933025,0,0
1113,0.09973291,0,0
2462,0.10021946,1,0
853,0.101083815,0,0
349,0.10337328,0,0
498,0.10527477,0,0
470,0.106633574,0,0
3104,0.10707541,1,0
3466,0.10726382,1,0
2936,0.10753342,1,0
1673,0.10772786,0,0
1442,0.10801069,0,0
2700,0.10993969,1,0
1770,0.11163746,0,0
3011,0.112026244,1,0
2455,0.1142006,1,0
100,0.11596678,0,0
3649,0.11597169,1,0
1229,0.11709104,0,0
47,0.1175738,0,0
3136,0.117845215,1,0
2106,0.11849219,1,0
1867,0.119463824,0,0
1473,0.11953636,0,0
1013,0.120762676,0,0
913,0.12076522,0,0
867,0.12272353,0,0
2507,0.12637235,1,0
1037,0.12735063,0,0
1117,0.13067362,0,0
2490,0.13202395,1,0
2924,0.133149,1,0
698,0.13664502,0,0
299,0.13722129,0,0
3948,0.14324664,1,0
1181,0.15367685,0,0
963,0.15377475,0,0
3337,0.15629065,1,0
513,0.15639949,0,0
950,0.15727344,0,0
1829,0.1612886,0,0
176,0.16192445,0,0
2763,0.16213414,1,0
623,0.16217518,0,0
991,0.16230993,0,0
3952,0.16393502,1,0
255,0.16420396,0,0
2315,0.16448422,1,0
975,0.16557728,0,0
927,0.16575797,0,0
1347,0.16627371,0,0
2718,0.16628335,1,0
1214,0.1675041,0,0
1393,0.17079975,0,0
3302,0.17080049,1,0
2296,0.17693351,1,0
3814,0.1779145,1,1
1703,0.178268,0,0
952,0.17827927,0,0
2483,0.18086253,1,0
2,0.18090928,0,0
646,0.18291506,0,0
1344,0.18477422,0,0
1495,0.18799622,0,0
1048,0.18870871,0,0
1625,0.19558407,0,0
2170,0.1993824,1,0
1031,0.2031919,0,0
1527,0.20428741,0,0
865,0.20531479,0,0
105,0.20666695,0,0
3730,0.21124205,1,0
3421,0.21243256,1,0
2058,0.21393734,1,0
2704,0.21497649,1,0
2432,0.21601376,1,0
327,0.22613965,0,0
2327,0.22800691,1,0
964,0.23070943,0,0
3294,0.23310515,1,0
2889,0.23334076,1,0
2530,0.23989038,1,0
527,0.24000973,0,0
651,0.2416856,0,0
3196,0.24246342,1,0
1868,0.24443993,0,0
1326,0.24468166,0,0
2674,0.24867114,1,0
2067,0.250809,1,0
3215,0.25105077,1,1
472,0.25209188,0,0
824,0.2521213,0,0
956,0.2527526,0,0
1828,0.25622952,0,0
2416,0.2563822,1,1
604,0.2582827,0,0
918,0.26056787,0,0
2915,0.26130792,1,0
1228,0.26199865,0,0
1263,0.26338974,0,0
1374,0.2635226,0,0
3454,0.26828748,1,0
340,0.26979566,0,0
3170,0.27823326,1,0
2701,0.28470752,1,0
1777,0.28493297,0,0
3522,0.2854011,1,0
609,0.286655,0,0
1624,0.28876787,0,0
1246,0.2918358,0,0
1415,0.29192492,0,0
1815,0.30010387,0,0
2835,0.3004505,1,0
869,0.30212736,0,0
2551,0.30454236,1,0
839,0.3048691,0,0
1209,0.3066532,0,0
2560,0.30701545,1,0
3669,0.3192544,1,0
446,0.32236326,0,0
1561,0.32432896,0,0
3406,0.33133766,1,0
722,0.33195788,0,0
1036,0.33378616,0,0
215,0.33708605,0,0
131,0.33859262,0,0
366,0.34585965,0,0
2173,0.34711918,1,0
1021,0.34835657,0,0
2251,0.3494912,1,0
2030,0.35042873,1,0
1049,0.35244238,0,0
683,0.35690922,0,0
455,0.35855553,0,0
1554,0.36439547,0,0
1187,0.36999205,0,0
281,0.37260333,0,0
720,0.37319976,0,0
3427,0.37808853,1,0
1935,0.37863752,0,0
1268,0.38028935,0,0
612,0.38309827,0,0
1551,0.38597757,0,0
507,0.3860033,0,0
1688,0.3861915,0,0
685,0.3862916,0,0
1775,0.3919403,0,0
2955,0.39479327,1,0
3938,0.3979714,1,1
390,0.4023873,0,0
1391,0.40375555,0,0
1366,0.41302305,0,0
996,0.42405242,0,0
860,0.42771778,0,0
775,0.4304887,0,0
1938,0.4323572,0,0
263,0.43607202,0,0
3259,0.4383983,1,0
1773,0.44126,0,0
2046,0.4420801,1,0
652,0.44892302,0,0
3953,0.44956836,1,0
63,0.45289525,0,0
3763,0.45441222,1,0
386,0.45446903,0,0
144,0.46039516,0,0
2961,0.46067476,1,0
1851,0.47108904,0,0
1977,0.4738699,0,0
931,0.49028957,0,0
2541,0.49418402,1,0
681,0.4956542,0,0
432,0.49672467,0,0
965,0.5013335,0,0
3077,0.5023376,1,0
3612,0.5045468,1,0
2180,0.5048073,1,0
1862,0.5060409,0,0
2802,0.5080262,1,0
1300,0.50995344,0,0
1105,0.5121069,0,0
97,0.52145207,0,0
551,0.52551943,0,0
3495,0.52934676,1,0
1949,0.5301205,0,0
3048,0.5337151,1,0
526,0.54033655,0,0
3514,0.54238003,1,0
2514,0.55026984,1,0
3238,0.55247164,1,0
1387,0.55309296,0,0
1656,0.5569162,0,0
3619,0.5593392,1,0
95,0.56493556,0,0
3430,0.5652954,1,0
3343,0.5671709,1,0
1295,0.56761706,0,0
3045,0.57269067,1,0
1101,0.5734638,0,0
892,0.58870316,0,0
2952,0.58938956,1,0
753,0.5913621,0,0
637,0.59473616,0,0
210,0.5973171,0,0
721,0.5999605,0,0
2698,0.60160583,1,0
889,0.6022332,0,0
605,0.60466737,0,0
3718,0.605708,1,0
1753,0.6077921,0,0
1897,0.60858864,0,0
1063,0.61025697,0,0
1509,0.61140174,0,0
2872,0.6122214,1,0
170,0.61243665,0,0
217,0.6179679,0,0
1848,0.6272653,0,0
1133,0.628187,0,0
1276,0.6286511,0,0
496,0.6291847,0,0
2120,0.6323237,1,0
3157,0.63358533,1,0
1838,0.63536125,0,0
1179,0.6364455,0,0
83,0.6369607,0,0
436,0.64324766,0,0
874,0.6447211,0,0
286,0.64868534,0,0
2916,0.650885,1,0
1160,0.65291035,0,0
815,0.6538588,0,0
2355,0.6595252,1,0
876,0.66013575,0,0
1876,0.66642386,0,0
3182,0.66786766,1,0
3875,0.66803616,1,0
1786,0.6683277,0,0
3357,0.6714193,1,0
398,0.67300504,0,0
857,0.67559296,0,0
907,0.67785263,0,0
755,0.67832875,0,0
893,0.6810512,0,0
1534,0.68223387,0,0
372,0.68297094,0,0
3865,0.68403554,1,0
3298,0.6862825,1,0
1399,0.68752736,0,0
1129,0.6881647,0,0
1135,0.68848145,0,0
1425,0.68940306,0,0
1052,0.69141984,0,0
1910,0.69209266,0,0
2291,0.69552284,1,0
2999,0.6972883,1,0
1542,0.6973393,0,0
1871,0.6985068,0,0
320,0.69985896,0,0
2498,0.70006895,1,0
2594,0.7016383,1,0
1852,0.70439714,0,0
2026,0.7045273,1,0
3849,0.70874333,1,1
1484,0.7118578,0,0
3112,0.71199167,1,0
1767,0.71339566,0,0
1846,0.7186723,0,0
1558,0.71953064,0,0
1065,0.7206194,0,0
976,0.7213912,0,0
3935,0.7249635,1,0
1580,0.7291163,0,0
1407,0.729353,0,0
1993,0.73218524,1,0
3222,0.7366354,1,1
760,0.73710936,0,0
3748,0.7390667,1,0
768,0.7412714,0,0
800,0.74360025,0,0
2144,0.7448225,1,0
3794,0.7466466,1,0
359,0.7484131,0,0
2294,0.7487408,1,0
2634,0.75182855,1,0
1715,0.75677454,0,0
3771,0.75905997,1,0
489,0.7593419,0,0
2683,0.75936,1,0
345,0.7595212,0,0
3462,0.75960314,1,0
1528,0.75976855,0,0
1158,0.76213926,0,0
1369,0.7662129,0,0
1472,0.7677055,0,0
707,0.76794887,0,0
1733,0.77307636,0,0
175,0.7777372,0,0
1651,0.7793905,0,0
1712,0.77941644,0,0
1312,0.78066736,0,0
1704,0.7811886,0,0
1141,0.7842939,0,0
701,0.78448325,0,0
355,0.78564817,0,0
3639,0.78666186,1,0
2996,0.7880371,1,0
1769,0.7882588,0,0
1009,0.79160964,0,0
3003,0.7926901,1,0
587,0.79332286,0,0
2657,0.7944019,1,0
2002,0.79589945,1,1
2403,0.7959443,1,0
2630,0.7977554,1,0
1574,0.7984359,0,0
588,0.7997865,0,0
2856,0.80491257,1,0
185,0.80584323,0,0
710,0.8058476,0,0
354,0.8075656,0,0
2572,0.81106395,1,0
1958,0.8126076,0,0
117,0.8137498,0,0
730,0.8137774,0,0
2105,0.8147927,1,0
443,0.8158474,0,0
538,0.81670856,0,0
1100,0.81671757,0,0
706,0.81679446,0,0
2049,0.8175802,1,0
374,0.8179242,0,0
3739,0.81860644,1,0
57,0.81928945,0,0
463,0.82008183,0,0
804,0.8201779,0,0
2649,0.8213871,1,0
2035,0.82326627,1,0
1211,0.82392186,0,0
1860,0.82607675,0,0
1915,0.826911,0,0
3931,0.8292955,1,0
1765,0.8328776,0,0
457,0.83356804,0,0
3558,0.835497,1,0
1634,0.8359137,0,0
1804,0.8383175,0,0
3432,0.84071565,1,1
1377,0.8421398,0,0
146,0.84333724,0,0
1812,0.84390974,0,0
46,0.84424347,0,0
3414,0.84691465,1,1
1750,0.84917367,0,0
2947,0.85052794,1,1
188,0.85220516,0,0
3532,0.8525718,1,0
101,0.8532063,0,0
3745,0.8542649,1,0
2709,0.85767835,1,0
803,0.8583507,0,0
1983,0.86094934,0,0
1722,0.8611183,0,0
2074,0.86158407,1,0
2512,0.8641076,1,1
3709,0.86456805,1,0
989,0.86584735,0,0
763,0.8658609,0,0
1257,0.8680279,0,0
2328,0.8706808,1,1
177,0.87156785,0,0
2176,0.87175435,1,1
1244,0.8717564,0,0
1356,0.87397736,0,0
333,0.87839764,0,0
1900,0.879777,0,0
1176,0.8798229,0,0
1115,0.8812526,0,0
2010,0.8841172,1,0
25,0.8859473,0,0
1102,0.8864925,0,0
294,0.8904919,0,0
1914,0.89173543,0,0
801,0.89205205,0,0
3195,0.89208186,1,0
450,0.8925315,0,0
107,0.8928119,0,0
1414,0.89356506,0,0
1896,0.8975327,0,0
279,0.8980754,0,0
1611,0.90112144,0,0
564,0.90212774,0,0
3334,0.9024416,1,0
276,0.9027569,0,0
3504,0.90348744,1,0
2525,0.9040548,1,1
2466,0.9044177,1,1
3353,0.9049669,1,0
617,0.9059048,0,0
3315,0.90622336,1,0
1856,0.90690243,0,0
92,0.9082036,0,0
3550,0.90820575,1,1
10,0.9086463,0,0
2730,0.911549,1,1
2957,0.91173923,1,0
1972,0.9151213,0,0
2280,0.9160364,1,1
1728,0.91615665,0,0
1388,0.91974795,0,0
759,0.92183435,0,0
2595,0.9229773,1,0
187,0.9236182,0,0
3780,0.92396826,1,0
230,0.9239989,0,0
1138,0.92606974,0,0
3306,0.9261318,1,0
1292,0.926279,0,0
2805,0.92664546,1,0
661,0.9270519,0,0
1943,0.927559,0,0
2190,0.92872447,1,1
2486,0.9287629,1,0
2075,0.9298667,1,1
1866,0.9307073,0,0
3866,0.9307928,1,1
1413,0.9308034,0,0
405,0.9339893,0,0
3518,0.93403107,1,0
3880,0.9369048,1,0
2591,0.93694144,1,0
828,0.93735224,0,0
377,0.9377305,0,0
1481,0.9389998,0,0
329,0.94039685,0,0
3436,0.9411583,1,0
2025,0.94261545,1,1
1044,0.94371414,0,0
2790,0.94375324,1,1
2845,0.94385237,1,0
408,0.9442902,0,0
1464,0.9445829,0,0
481,0.94532096,0,0
747,0.946139,0,0
1109,0.94648844,0,0
216,0.9465742,0,0
520,0.9473323,0,0
3934,0.94763017,1,0
406,0.9478502,0,0
3930,0.94790184,1,0
622,0.9487754,0,0
2859,0.94896954,1,0
1385,0.94914126,0,0
3020,0.9524115,1,1
3727,0.9526506,1,0
441,0.9539821,0,0
1432,0.9550141,0,0
453,0.9550471,0,0
3698,0.95708555,1,1
40,0.9574799,0,0
1444,0.95817953,0,0
1365,0.95818526,0,0
846,0.95848763,0,0
2992,0.9587147,1,1
1071,0.9588394,0,0
467,0.96036315,0,0
648,0.96082294,0,0
1931,0.96152306,0,0
2926,0.96186286,1,1
1902,0.9619989,0,0
301,0.96243185,0,0
373,0.9633102,0,0
1793,0.96501476,0,0
2814,0.96515644,1,0
1005,0.96641123,0,0
957,0.96653974,0,0
3387,0.9670227,1,1
2606,0.96763456,1,1
861,0.96862966,0,0
2749,0.96871364,1,0
945,0.9694714,0,0
2127,0.9703513,1,0
1261,0.970426,0,0
2879,0.97064215,1,0
2155,0.97069496,1,0
2310,0.9711355,1,0
663,0.9711694,0,0
172,0.97174,0,0
2131,0.97252774,1,1
2987,0.9725461,1,1
1237,0.9727393,0,0
3423,0.97337836,1,1
1104,0.97342706,0,0
3426,0.9747036,1,1
811,0.9747906,0,0
363,0.9748112,0,0
87,0.97508985,0,0
1296,0.9753456,0,0
1455,0.9754887,0,0
2286,0.9777379,1,0
328,0.9779936,0,0
3617,0.9783051,1,0
987,0.978353,0,0
249,0.9784711,0,0
3364,0.9794648,1,1
3086,0.97973746,1,0
2549,0.98009026,1,0
1337,0.98009723,0,0
1264,0.9803626,0,0
914,0.98082316,0,0
2372,0.9809595,1,0
331,0.9815137,0,0
3134,0.9815498,1,1
942,0.9815595,0,0
3328,0.9819271,1,1
2370,0.9824239,1,0
3491,0.9824753,1,0
2787,0.9824912,1,1
1079,0.9827079,0,0
1698,0.9830662,0,0
27,0.9831618,0,0
2156,0.98378193,1,1
61,0.9841574,0,0
234,0.9842732,0,0
3073,0.9843113,1,0
611,0.9844536,0,0
2141,0.98446655,1,0
2736,0.98448306,1,1
3707,0.9845389,1,1
3200,0.9851623,1,1
3373,0.98584425,1,1
1859,0.9858714,0,0
3169,0.98594123,1,1
743,0.9862407,0,0
1932,0.9866897,0,0
1155,0.9873152,0,0
2317,0.9875366,1,1
514,0.98757243,0,0
3023,0.9878626,1,1
3209,0.9878813,1,1
1272,0.9881579,0,0
3228,0.98832583,1,1
593,0.9884707,0,0
3618,0.9885223,1,1
3,0.98909223,0,0
1878,0.98912865,0,0
430,0.9891802,0,0
1409,0.9893889,0,0
3054,0.9897407,1,1
1083,0.989758,0,0
3576,0.98977286,1,1
378,0.989801,0,0
3463,0.9898197,1,0
3682,0.9898213,1,1
3470,0.98995364,1,0
1114,0.9901868,0,0
574,0.9904635,0,0
48,0.99046504,0,0
437,0.9905432,0,0
3236,0.9906384,1,1
2215,0.99079025,1,0
2304,0.9908462,1,1
2165,0.99120235,1,1
16,0.9916726,0,0
2650,0.991682,1,1
2279,0.9920853,1,1
3835,0.99225897,1,1
2765,0.9924671,1,1
335,0.9926023,0,0
3786,0.9927902,1,1
3894,0.9929236,1,1
3668,0.9929676,1,0
3638,0.9930478,1,1
3974,0.9931211,1,0
543,0.9931421,0,0
3142,0.9932035,1,0
93,0.9932886,0,0
1285,0.9933107,0,0
1475,0.99359953,0,0
211,0.99362373,0,0
2791,0.99371886,1,1
3005,0.99378186,1,0
531,0.99388254,0,0
2111,0.99409604,1,1
2388,0.99412185,1,0
584,0.99427974,0,0
3838,0.9943157,1,0
2318,0.99432963,1,1
1014,0.9943873,0,0
1939,0.9945018,0,0
3092,0.994547,1,1
1744,0.9946061,0,0
3241,0.9947708,1,0
1907,0.9948408,0,0
2364,0.9949378,1,0
565,0.99501354,0,0
2045,0.9950546,1,0
134,0.99532855,0,0
86,0.99553275,0,0
2219,0.99554354,1,1
1406,0.9956043,0,0
76,0.99563724,0,0
1965,0.99563843,0,0
3004,0.99571913,1,1
2538,0.99589914,1,1
3176,0.9959674,1,1
3160,0.9959875,1,1
3598,0.99600273,1,0
3723,0.99604404,1,1
3911,0.99607027,1,1
3125,0.99608034,1,1
3168,0.9960859,1,1
383,0.99609023,0,0
2397,0.9961273,1,0
3240,0.99613947,1,0
2307,0.9962127,1,0
1348,0.9962243,0,0
2184,0.99629104,1,1
99,0.9964104,0,0
2742,0.99643075,1,1
998,0.99644864,0,0
3888,0.99645823,1,0
2481,0.9964611,1,1
3188,0.99655247,1,1
2982,0.99657,1,1
1661,0.996608,0,0
2352,0.9966215,1,0
2931,0.9966371,1,0
3779,0.99666023,1,0
3793,0.99670297,1,1
3899,0.99672383,1,1
1950,0.99672526,0,0
2677,0.9967361,1,1
2716,0.9967422,1,1
2609,0.99675876,1,1
3348,0.99677867,1,1
2612,0.9969415,1,1
2262,0.99698526,1,0
2766,0.9970099,1,0
2852,0.997059,1,1
3093,0.99706227,1,1
3589,0.99707234,1,1
3844,0.99712,1,1
2991,0.9971576,1,1
1953,0.99718434,0,0
3570,0.997216,1,0
392,0.99725384,0,0
2937,0.9972613,1,1
3452,0.997265,1,1
2157,0.9972703,1,1
545,0.99727136,0,0
2881,0.9972838,1,1
3673,0.9973084,1,1
3323,0.9973807,1,1
3588,0.9973809,1,1
1431,0.9973846,0,0
2980,0.9974089,1,0
2133,0.9974147,1,1
3975,0.9974445,1,1
3292,0.9974481,1,0
2785,0.9974717,1,1
3729,0.9975305,1,1
3262,0.9975556,1,1
3545,0.9975938,1,1
3652,0.9976012,1,1
2407,0.99760914,1,1
1997,0.99761957,1,1
2904,0.99762195,1,1
3633,0.99768174,1,1
2574,0.9977646,1,1
3852,0.9978157,1,1
3892,0.99783355,1,1
1154,0.9978381,0,0
2238,0.9978861,1,1
1256,0.997938,0,0
2465,0.9979577,1,1
3937,0.99798393,1,1
3747,0.99800533,1,1
3765,0.9980545,1,1
571,0.99806124,0,0
3271,0.9980761,1,1
3969,0.99808335,1,0
3832,0.99811447,1,1
2800,0.99811566,1,1
2865,0.99811906,1,1
2854,0.99812096,1,1
2450,0.9981887,1,1
2126,0.99823076,1,0
1814,0.99824417,0,0
2626,0.9982698,1,1
2441,0.99831855,1,1
3536,0.99836236,1,1
2083,0.9983901,1,1
3809,0.99840325,1,1
3790,0.99840564,1,1
2877,0.99841845,1,1
3255,0.99843186,1,1
3505,0.9984428,1,1
3008,0.9984438,1,1
3081,0.99844676,1,1
3839,0.9984999,1,1
3933,0.9985014,1,0
2242,0.9985189,1,1
3281,0.9985708,1,1
2655,0.9986223,1,1
2050,0.9986395,1,1
3314,0.99866235,1,0
2114,0.9986646,1,0
2633,0.9986652,1,1
1421,0.99866915,0,0
3787,0.9986714,1,1
1067,0.9986731,0,0
3692,0.99867517,1,0
3474,0.9986847,1,1
2971,0.99868506,1,1
3091,0.9986951,1,1
1994,0.99871254,1,1
2006,0.99871886,1,1
1573,0.9987595,0,0
3181,0.99876595,1,1
2247,0.99879766,1,1
2387,0.9988029,1,1
2969,0.9988136,1,1
3529,0.99881625,1,1
3548,0.9988194,1,1
3629,0.99883276,1,1
2839,0.9988393,1,1
2740,0.99885046,1,1
2300,0.9988562,1,1
2409,0.99889046,1,1
3258,0.9988945,1,1
1593,0.99889696,0,0
2823,0.9989153,1,1
3583,0.9989305,1,1
3012,0.99893755,1,1
3789,0.99893874,1,1
2253,0.9989441,1,1
3105,0.9989448,1,1
3914,0.99896336,1,1
274,0.99896765,0,0
1423,0.9989723,0,0
3837,0.99898285,1,1
3016,0.99898523,1,1
3586,0.99899286,1,0
3680,0.9989931,1,1
2778,0.99900705,1,1
2471,0.99901235,1,0
2154,0.99901426,1,1
2909,0.9990226,1,1
3913,0.99903417,1,1
2610,0.9990381,1,1
788,0.9990466,0,0
523,0.9990478,0,0
380,0.9990489,0,0
3943,0.9990532,1,1
2886,0.99905413,1,1
3310,0.9990578,1,1
2423,0.99905914,1,1
3138,0.9990804,1,1
2813,0.99908054,1,1
2599,0.99908423,1,1
2344,0.9990951,1,1
2039,0.99909735,1,1
3482,0.99910444,1,1
3643,0.9991085,1,1
2175,0.9991204,1,1
3277,0.999121,1,1
3498,0.9991216,1,1
3210,0.9991253,1,1
3235,0.9991285,1,1
2898,0.9991328,1,1
3803,0.99913764,1,1
2091,0.99914813,1,1
80,0.9991518,0,0
3175,0.99915516,1,1
3380,0.9991627,1,1
2611,0.99918145,1,1
2948,0.9991817,1,1
3768,0.9991843,1,1
2967,0.99918574,1,1
2100,0.99918646,1,1
2874,0.9991904,1,1
1535,0.9991955,0,0
3846,0.9991966,1,1
3179,0.9991992,1,1
2540,0.99920577,1,1
1274,0.99920756,0,0
2446,0.99921,1,1
3155,0.9992168,1,1
2301,0.99921787,1,1
3524,0.9992187,1,1
3507,0.99922335,1,1
1066,0.999225,0,0
1121,0.99923503,0,0
2780,0.9992399,1,1
2732,0.9992429,1,1
2722,0.99925095,1,1
2149,0.9992532,1,1
2096,0.99926716,1,1
3198,0.9992685,1,1
2162,0.99927646,1,0
2359,0.99927646,1,1
2347,0.9992785,1,1
1916,0.99928015,0,0
2419,0.9992805,1,1
3018,0.9992843,1,1
3688,0.9992887,1,1
2569,0.99929523,1,1
2431,0.9992956,1,1
2357,0.9992963,1,1
3551,0.99931,1,1
2043,0.99931157,1,1
2743,0.99931324,1,1
3362,0.9993191,1,1
2897,0.99932027,1,1
2565,0.9993204,1,1
3118,0.99932396,1,1
3144,0.9993249,1,1
3889,0.9993253,1,1
2556,0.9993268,1,1
133,0.99932814,0,0
2600,0.9993285,1,1
2934,0.9993291,1,1
2098,0.9993293,1,1
2000,0.9993304,1,1
2436,0.99933606,1,1
2812,0.9993413,1,1
3327,0.99934465,1,1
2568,0.9993451,1,1
2457,0.99934536,1,1
3330,0.99934644,1,1
2694,0.99934655,1,1
2263,0.9993475,1,1
3861,0.99934846,1,1
2159,0.9993492,1,1
2040,0.9993524,1,1
3418,0.9993537,1,1
2581,0.9993549,1,1
3726,0.99936014,1,1
2928,0.99936074,1,1
3625,0.99936134,1,1
2922,0.99936193,1,0
2892,0.99936634,1,1
3457,0.99936646,1,0
3976,0.99936646,1,1
2003,0.99936825,1,1
3063,0.9993692,1,1
3660,0.9993693,1,1
3923,0.99937147,1,1
3275,0.99937266,1,1
3057,0.9993736,1,1
1579,0.99937516,0,0
3308,0.99937755,1,1
3534,0.99937975,1,1
3596,0.99938,1,1
2381,0.9993801,1,1
3957,0.9993838,1,1
3842,0.9993843,1,1
3068,0.9993868,1,1
2031,0.9993875,1,1
3187,0.9993907,1,1
2089,0.99939144,1,1
3192,0.9993932,1,1
1976,0.9993932,0,0
2880,0.99939513,1,1
3896,0.99939525,1,0
2077,0.99939597,1,1
278,0.9993963,0,0
3960,0.9994042,1,1
1145,0.99940634,0,0
2036,0.9994112,1,1
1927,0.99941325,0,0
2290,0.9994134,1,1
2829,0.9994134,1,1
2923,0.99941766,1,1
1061,0.99941933,0,0
2977,0.9994203,1,1
3320,0.9994228,1,1
3607,0.9994246,1,1
2632,0.99942636,1,1
2417,0.99942744,1,1
2702,0.99943084,1,1
3458,0.9994337,1,1
2691,0.99943763,1,1
2248,0.9994419,1,1
3613,0.999446,1,1
3573,0.999451,1,1
2322,0.9994554,1,1
3766,0.99946064,1,1
3497,0.99946433,1,1
3464,0.99946564,1,1
1106,0.9994673,0,0
2476,0.99946994,1,1
2085,0.999471,1,1
3678,0.99947196,1,1
2555,0.99947923,1,1
3074,0.99947983,1,1
2313,0.99948287,1,1
2424,0.999483,1,1
3025,0.99949276,1,1
2843,0.99949515,1,1
2444,0.99949706,1,1
3422,0.9994999,1,1
2888,0.99950004,1,1
2513,0.99950075,1,1
3356,0.9995012,1,1
3403,0.9995029,1,1
3049,0.99950385,1,1
2295,0.99950397,1,1
3759,0.9995053,1,1
762,0.9995059,0,0
2627,0.99950755,1,1
2324,0.9995109,1,1
2893,0.99951637,1,1
2869,0.9995229,1,1
2489,0.99952865,1,1
3961,0.9995301,1,1
3577,0.9995315,1,1
1245,0.9995408,0,0
2738,0.99954575,1,1
806,0.9995478,0,0
3296,0.999554,1,1
3396,0.99955875,1,1
3877,0.9995592,1,1
3970,0.9995603,1,1
3753,0.99956113,1,1
2459,0.99956757,1,1
1189,0.99956805,0,0
2268,0.999569,1,1
2167,0.99957246,1,1
2795,0.9995797,1,0
3377,0.99958116,1,1
1904,0.9995833,0,0
3694,0.9995838,1,1
3898,0.9995852,1,1
3916,0.9995865,1,1
2954,0.9995894,1,1
2406,0.9995919,1,1
2011,0.9995933,1,1
3075,0.9995951,1,1
3239,0.9995952,1,1
2887,0.9995969,1,1
3021,0.99959725,1,1
3755,0.9995987,1,1
3389,0.99960583,1,1
2625,0.99960595,1,1
2119,0.99960715,1,1
2602,0.9996112,1,1
2196,0.9996113,1,1
3500,0.9996247,1,1
2984,0.9996269,1,1
2013,0.9996284,1,1
3802,0.9996344,1,1
1196,0.99963784,0,0
3704,0.99964225,1,1
145,0.99964774,0,0
2418,0.999648,1,1
2671,0.9996482,1,1
2578,0.9996511,1,1
2164,0.9996532,1,1
3270,0.9996544,1,1
3705,0.99965477,1,1
723,0.99966,0,0
3575,0.9996619,1,1
1665,0.999663,0,0
2020,0.99966645,1,1
3784,0.99966955,1,1
3205,0.99967086,1,1
2427,0.99967086,1,1
3840,0.9996712,1,1
2084,0.99967384,1,1
1204,0.99967504,0,0
2202,0.99968076,1,1
3202,0.99968386,1,1
2048,0.9996848,1,1
2174,0.99968696,1,1
2349,0.99968743,1,1
3594,0.99968994,1,1
713,0.99969494,0,0
3690,0.99969757,1,1
2725,0.999699,1,1
3850,0.9997018,1,1
3797,0.9997019,1,1
2277,0.99970394,1,1
3393,0.9997081,1,0
3798,0.9997086,1,1
79,0.9997086,0,0
2107,0.99971014,1,1
1787,0.9997123,0,0
2445,0.99971265,1,1
2477,0.99971527,1,1
2557,0.9997161,1,1
3872,0.9997178,1,1
3361,0.999718,1,1
3492,0.9997193,1,1
2200,0.9997205,1,1
3494,0.9997216,1,1
2818,0.99972457,1,1
2985,0.9997248,1,1
2758,0.99972504,1,1
3750,0.99972564,1,1
703,0.99972564,0,0
2071,0.99972683,1,1
3904,0.9997285,1,1
2943,0.9997328,1,1
3656,0.9997341,1,1
3946,0.99973494,1,1
3640,0.99973553,1,1
2914,0.99973685,1,1
2122,0.9997391,1,1
2033,0.99974054,1,1
2209,0.999741,1,1
2099,0.9997439,1,1
3658,0.99974483,1,1
3743,0.99974567,1,1
3445,0.9997466,1,1
3261,0.9997466,1,1
2367,0.9997509,1,1
2978,0.99975115,1,1
3834,0.9997526,1,1
3263,0.99975497,1,1
1825,0.99975556,0,0
3897,0.9997565,1,1
3237,0.99975866,1,1
2579,0.99976045,1,1
3055,0.9997632,1,1
3484,0.9997682,1,1
2062,0.9997702,1,1
2648,0.9997708,1,1
2332,0.9997718,1,1
1193,0.99977213,0,0
3111,0.99977416,1,1
3528,0.99977714,1,1
3097,0.9997787,1,1
3022,0.99977905,1,1
3127,0.99978226,1,1
3713,0.99978286,1,1
2439,0.9997856,1,1
3883,0.99978966,1,1
3509,0.9997905,1,1
1144,0.9997907,0,0
3881,0.9997911,1,1
2094,0.9997931,1,1
2647,0.99979514,1,1
3363,0.99979633,1,1
2323,0.99979717,1,1
2208,0.99979883,1,1
2715,0.99980074,1,1
3478,0.99980146,1,1
2034,0.99980253,1,1
3533,0.9998053,1,1
2523,0.9998068,1,1
3216,0.9998074,1,1
3276,0.9998085,1,1
3060,0.9998086,1,1
3901,0.9998087,1,1
2592,0.99981064,1,1
3095,0.9998122,1,1
3128,0.9998122,1,1
3272,0.9998123,1,1
2330,0.9998123,1,1
3909,0.9998129,1,1
2014,0.9998135,1,1
3591,0.9998141,1,1
2707,0.9998142,1,1
2685,0.999816,1,1
1537,0.9998171,0,0
3906,0.9998178,1,1
2358,0.99981874,1,1
3345,0.99982053,1,1
2226,0.99982065,1,1
3413,0.9998216,1,1
2017,0.99982184,1,1
785,0.99982315,0,0
2188,0.99982363,1,1
3556,0.999824,1,1
3300,0.9998241,1,1
2562,0.99982554,1,1
2081,0.9998259,1,1
2320,0.9998272,1,1
2195,0.9998275,1,1
3825,0.99982774,1,1
3632,0.99982834,1,1
2658,0.99982834,1,1
3451,0.9998294,1,1
3717,0.99982965,1,1
2744,0.99982977,1,1
3818,0.9998306,1,1
3778,0.9998306,1,1
2966,0.9998311,1,1
2214,0.9998311,1,1
3408,0.99983203,1,1
2775,0.99983275,1,1
3443,0.99983287,1,1
3795,0.999833,1,1
3712,0.99983346,1,1
3429,0.9998336,1,1
3879,0.9998338,1,1
3604,0.99983406,1,1
3665,0.9998348,1,1
2228,0.99983513,1,1
2206,0.9998354,1,1
2811,0.9998354,1,1
2430,0.9998363,1,0
2847,0.9998363,1,1
2110,0.99983764,1,1
3486,0.9998379,1,1
3109,0.99983895,1,1
3233,0.9998392,1,1
2782,0.99984014,1,1
2932,0.9998404,1,1
2571,0.9998405,1,1
2341,0.9998405,1,1
3316,0.9998405,1,1
3103,0.9998405,1,1
2832,0.99984074,1,1
3065,0.99984145,1,1
1222,0.9998417,0,0
2750,0.9998419,1,1
3121,0.9998425,1,1
3667,0.99984264,1,1
3595,0.9998429,1,1
2169,0.9998437,1,1
3411,0.9998448,1,1
3578,0.9998449,1,0
3117,0.9998454,1,1
3915,0.99984777,1,1
2864,0.9998486,1,1
3194,0.999851,1,1
2449,0.9998536,1,1
3114,0.99985576,1,0
3902,0.99985886,1,1
2669,0.9998616,1,1
2182,0.999864,1,1
2376,0.999864,1,1
2356,0.9998652,1,1
2939,0.9998652,1,1
2746,0.9998659,1,1
3130,0.99986875,1,1
2421,0.99987197,1,1
3044,0.99987376,1,1
2550,0.99987435,1,1
1991,0.9998765,1,1
3152,0.99987745,1,1
3699,0.9998778,1,1
2369,0.99987924,1,1
2660,0.9998803,1,1
1998,0.9998809,1,1
2994,0.9998815,1,1
3540,0.9998822,1,1
3738,0.99988484,1,1
2302,0.9998858,1,1
2396,0.99988675,1,1
2777,0.9998877,1,1
3760,0.99988866,1,1
3089,0.999889,1,1
3857,0.9998895,1,1
3693,0.9998903,1,1
2284,0.9998919,1,1
3369,0.99989307,1,1
2398,0.9998951,1,1
2546,0.99989784,1,1
3000,0.99989855,1,1
2382,0.9999031,1,0
2052,0.99990416,1,1
3165,0.9999045,1,1
3113,0.9999051,1,1
2695,0.99990547,1,1
3150,0.99990594,1,1
3642,0.99990714,1,1
2139,0.99990785,1,1
3854,0.9999083,1,1
3903,0.9999093,1,1
2731,0.9999094,1,1
2628,0.9999094,1,0
2408,0.99991155,1,0
2508,0.999912,1,1
2186,0.9999124,1,1
1545,0.9999131,0,0
3338,0.99991345,1,1
2412,0.9999155,1,1
3153,0.99991775,1,1
3826,0.99991834,1,1
2287,0.99991834,1,1
3907,0.9999187,1,1
42,0.99992025,0,0
3254,0.99992096,1,1
2021,0.9999211,1,1
2797,0.9999211,1,1
632,0.9999213,0,0
3546,0.99992144,1,0
2876,0.99992263,1,1
3305,0.99992263,1,1
2815,0.99992275,1,0
3945,0.9999229,1,1
2544,0.9999242,1,1
3407,0.9999243,1,1
3137,0.9999248,1,1
2772,0.9999248,1,1
2097,0.9999254,1,1
3441,0.99992573,1,1
1519,0.9999261,0,0
490,0.9999262,0,0
2720,0.9999267,1,1
2870,0.99992764,1,0
2817,0.99993014,1,1
3510,0.999931,1,1
3158,0.99993205,1,1
3555,0.99993205,1,1
2267,0.9999325,1,1
2213,0.99993384,1,1
3409,0.99993515,1,1
2644,0.9999356,1,1
1845,0.9999373,0,0
2244,0.99993813,1,1
1999,0.99993825,1,1
3067,0.99994075,1,1
3251,0.999941,1,1
2415,0.9999411,1,1
2103,0.99994147,1,1
3189,0.99994147,1,1
2643,0.9999417,1,1
3110,0.9999429,1,1
2092,0.99994314,1,1
2501,0.99994326,1,1
2178,0.9999434,1,1
2093,0.9999443,1,1
2580,0.99994445,1,1
3810,0.9999447,1,1
3397,0.9999449,1,1
3501,0.99994504,1,1
2386,0.9999454,1,1
3887,0.9999454,1,1
2474,0.99994564,1,1
3886,0.99994564,1,1
1451,0.999946,0,0
2841,0.9999466,1,1
3603,0.99994683,1,1
3139,0.99994886,1,1
3606,0.99994946,1,1
2004,0.99995005,1,1
2613,0.9999503,1,1
3076,0.99995065,1,1
2545,0.99995124,1,1
3523,0.9999516,1,1
2866,0.99995196,1,1
2587,0.99995244,1,1
3925,0.9999527,1,1
3675,0.99995315,1,1
2241,0.9999535,1,1
3800,0.9999536,1,1
2577,0.99995375,1,1
3776,0.9999542,1,1
3859,0.99995434,1,1
3266,0.99995434,1,1
2028,0.99995446,1,1
2492,0.9999547,1,1
3164,0.9999548,1,1
2395,0.999956,1,1
2950,0.99995625,1,1
2719,0.9999567,1,1
3855,0.9999567,1,1
3867,0.99995685,1,1
3710,0.9999571,1,1
2711,0.99995744,1,1
3099,0.9999577,1,1
3346,0.9999577,1,0
2255,0.99995875,1,1
2338,0.9999589,1,1
2041,0.9999589,1,1
2488,0.9999591,1,1
3917,0.9999598,1,1
2927,0.9999608,1,1
3942,0.99996126,1,1
2192,0.9999614,1,1
3024,0.99996185,1,1
2554,0.9999621,1,1
2314,0.99996233,1,1
3428,0.9999627,1,0
2478,0.99996376,1,1
2690,0.999964,1,1
3391,0.9999641,1,1
3193,0.9999646,1,1
919,0.9999646,0,0
3438,0.9999651,1,1
2563,0.9999651,1,1
2076,0.9999654,1,1
2605,0.9999654,1,1
2882,0.99996567,1,1
2227,0.99996567,1,1
2264,0.99996614,1,1
3751,0.99996626,1,1
2054,0.99996674,1,1
3201,0.99996674,1,1
2686,0.99996734,1,1
3101,0.99996793,1,1
2693,0.99996865,1,1
3050,0.9999695,1,1
3950,0.99996996,1,1
2682,0.9999708,1,1
3053,0.99997103,1,0
2965,0.9999713,1,1
2673,0.99997187,1,1
2615,0.999972,1,1
2713,0.999972,1,1
3154,0.999972,1,1
3836,0.99997234,1,1
2374,0.99997234,1,1
3890,0.99997294,1,1
2899,0.99997294,1,1
3273,0.9999732,1,1
3592,0.9999738,1,1
3530,0.999974,1,1
2768,0.99997425,1,1
2113,0.99997437,1,1
3014,0.99997485,1,1
2362,0.99997497,1,1
3404,0.9999752,1,1
2233,0.99997544,1,1
2680,0.99997556,1,1
3775,0.99997556,1,1
2941,0.9999764,1,1
3056,0.9999765,1,1
2183,0.9999769,1,1
2331,0.999977,1,1
2822,0.99997735,1,1
2756,0.9999777,1,1
3696,0.99997807,1,1
3029,0.99997807,1,1
2425,0.9999783,1,1
243,0.9999783,0,0
2024,0.99997854,1,1
3804,0.99997866,1,1
2836,0.9999788,1,1
3654,0.9999789,1,1
3447,0.99997973,1,1
2786,0.99997985,1,1
2938,0.99998,1,1
2312,0.9999801,1,1
2345,0.9999802,1,1
2582,0.9999802,1,1
3231,0.99998057,1,1
3100,0.9999807,1,1
3552,0.9999808,1,1
2166,0.99998116,1,1
3347,0.99998116,1,1
3398,0.99998116,1,1
3508,0.9999814,1,1
2783,0.9999815,1,1
2147,0.99998164,1,1
295,0.99998176,0,0
2653,0.9999819,1,1
3186,0.9999819,1,1
3769,0.99998224,1,1
3936,0.9999825,1,1
2638,0.99998295,1,1
2770,0.9999831,1,1
3653,0.99998343,1,1
2222,0.9999839,1,1
2642,0.9999839,1,1
2703,0.999984,1,0
2422,0.999984,1,0
1438,0.999984,0,0
2057,0.99998426,1,1
3395,0.9999845,1,1
858,0.9999845,0,0
3218,0.999985,1,1
3156,0.9999852,1,1
2059,0.99998534,1,1
3332,0.99998534,1,1
2243,0.9999857,1,1
3135,0.9999857,1,1
3304,0.9999858,1,1
3283,0.9999858,1,1
2276,0.99998605,1,1
2230,0.9999862,1,0
2438,0.9999862,1,1
2769,0.9999863,1,1
3424,0.9999864,1,1
3557,0.9999864,1,1
3662,0.9999865,1,1
3681,0.9999869,1,1
2270,0.9999871,1,1
3472,0.99998724,1,1
3324,0.99998736,1,1
2855,0.99998736,1,1
2007,0.99998736,1,1
2082,0.9999876,1,1
2065,0.9999876,1,1
2216,0.9999876,1,1
2875,0.9999877,1,1
3009,0.99998784,1,1
2821,0.99998796,1,1
3297,0.9999881,1,1
3754,0.9999882,1,1
3744,0.99998844,1,1
3115,0.99998844,1,1
2068,0.9999888,1,1
2521,0.9999888,1,1
2303,0.9999888,1,1
2641,0.9999889,1,1
3172,0.99998915,1,1
2960,0.99998915,1,1
2767,0.9999893,1,1
2090,0.9999895,1,1
3161,0.9999895,1,1
2868,0.9999895,1,1
2659,0.9999896,1,1
2390,0.9999896,1,1
2299,0.9999896,1,1
3564,0.99998975,1,1
3390,0.99998975,1,1
2536,0.99998987,1,1
2353,0.99998987,1,1
3278,0.99999,1,1
2607,0.99999,1,1
2518,0.9999901,1,1
343,0.9999901,0,0
3661,0.9999901,1,1
2942,0.9999902,1,1
2037,0.99999034,1,1
3453,0.99999034,1,1
3434,0.99999034,1,1
2383,0.99999046,1,1
3002,0.99999046,1,1
3873,0.99999046,1,1
3469,0.9999908,1,1
3085,0.9999908,1,1
2487,0.99999094,1,1
3676,0.9999913,1,1
2534,0.9999913,1,1
3971,0.9999914,1,1
2527,0.99999154,1,1
2990,0.99999154,1,1
2261,0.99999154,1,1
2734,0.99999166,1,1
3891,0.99999166,1,1
2873,0.9999919,1,1
3815,0.999992,1,1
1995,0.99999213,1,1
2161,0.99999225,1,1
3884,0.99999225,1,0
2837,0.9999924,1,1
2998,0.9999924,1,1
3963,0.9999925,1,1
2060,0.9999925,1,1
2804,0.9999925,1,1
2949,0.9999926,1,1
2603,0.9999927,1,1
3824,0.99999285,1,1
3227,0.99999285,1,1
3131,0.99999297,1,1
2458,0.9999931,1,1
2828,0.9999931,1,1
3708,0.9999931,1,1
714,0.9999932,0,0
2022,0.9999932,1,1
3224,0.9999932,1,1
3731,0.9999932,1,1
2394,0.99999344,1,1
3032,0.99999344,1,1
3162,0.99999356,1,1
3017,0.99999356,1,1
2913,0.99999356,1,1
2469,0.9999937,1,1
2285,0.9999937,1,1
2234,0.9999938,1,1
3502,0.9999939,1,1
2143,0.9999939,1,1
3043,0.9999939,1,1
2257,0.99999404,1,1
2365,0.99999404,1,1
3563,0.99999404,1,1
2958,0.99999404,1,1
3910,0.99999416,1,1
3256,0.99999416,1,1
2510,0.9999943,1,1
3721,0.9999944,1,1
2259,0.9999945,1,1
3493,0.99999464,1,1
3062,0.99999464,1,1
3352,0.99999475,1,1
830,0.99999475,0,0
2840,0.9999949,1,1
2171,0.9999949,1,1
2480,0.9999949,1,1
2392,0.9999949,1,1
2652,0.999995,1,1
2079,0.999995,1,1
2933,0.99999523,1,1
2112,0.99999523,1,1
3088,0.99999523,1,1
2135,0.99999523,1,1
2608,0.99999535,1,1
2027,0.99999547,1,1
1402,0.99999547,0,0
2272,0.99999547,1,1
3250,0.9999956,1,1
2776,0.9999957,1,1
3980,0.9999957,1,1
3412,0.9999957,1,1
2019,0.9999957,1,1
2584,0.9999958,1,1
2597,0.99999595,1,1
2380,0.99999595,1,1
2288,0.99999595,1,1
3517,0.99999595,1,1
3905,0.99999595,1,1
2710,0.9999962,1,1
2567,0.9999962,1,1
2151,0.9999962,1,1
3015,0.9999963,1,1
3817,0.9999964,1,1
3124,0.9999964,1,1
2760,0.99999654,1,1
2618,0.99999654,1,1
3295,0.99999654,1,1
3702,0.99999666,1,1
3720,0.99999666,1,1
2493,0.99999666,1,1
3848,0.99999666,1,1
3868,0.9999968,1,1
2132,0.9999968,1,1
2305,0.9999968,1,1
2472,0.9999969,1,1
3701,0.9999969,1,1
3146,0.9999969,1,1
3249,0.9999969,1,1
2972,0.9999969,1,1
3400,0.999997,1,1
2526,0.999997,1,1
330,0.999997,0,0
2336,0.999997,1,1
3740,0.999997,1,1
2762,0.99999714,1,1
3631,0.99999714,1,1
3951,0.99999714,1,1
3225,0.99999714,1,1
2482,0.99999714,1,1
2844,0.99999726,1,1
2911,0.99999726,1,1
3197,0.99999726,1,1
3567,0.99999726,1,1
1784,0.99999726,0,0
3354,0.9999975,1,1
2754,0.9999975,1,1
2389,0.9999975,1,1
3206,0.9999975,1,1
2670,0.9999976,1,1
3627,0.9999976,1,1
3562,0.9999976,1,1
783,0.9999976,0,0
2925,0.9999976,1,1
3488,0.99999774,1,1
2705,0.99999774,1,1
2903,0.99999774,1,1
3843,0.99999774,1,1
2808,0.99999785,1,1
2883,0.99999785,1,1
3116,0.99999785,1,1
2614,0.99999785,1,1
2360,0.99999785,1,1
3312,0.99999785,1,1
2962,0.999998,1,1
3761,0.999998,1,1
3630,0.999998,1,1
2543,0.9999981,1,1
3949,0.9999981,1,1
2461,0.9999981,1,1
3386,0.9999981,1,1
2168,0.9999981,1,1
3319,0.9999982,1,1
2857,0.9999982,1,1
2833,0.99999833,1,1
3359,0.99999833,1,1
2109,0.99999833,1,1
3967,0.99999833,1,1
3579,0.99999833,1,1
2635,0.99999833,1,1
2862,0.99999845,1,1
2187,0.99999857,1,1
3476,0.99999857,1,1
2250,0.99999857,1,1
3737,0.99999857,1,1
3033,0.9999987,1,1
3123,0.9999987,1,1
2895,0.9999988,1,1
2919,0.9999988,1,1
2061,0.9999988,1,1
3349,0.9999989,1,1
2593,0.9999989,1,1
3106,0.9999989,1,1
3383,0.99999905,1,1
2080,0.99999905,1,1
3706,0.99999905,1,1
3830,0.99999905,1,1
3520,0.99999917,1,1
2125,0.99999917,1,1
2485,0.99999917,1,1
2346,0.99999917,1,1
2708,0.99999917,1,1
3358,0.9999993,1,1
3664,0.9999993,1,1
2468,0.9999993,1,1
3827,0.9999993,1,1
2391,0.9999993,1,1
2803,0.9999993,1,1
2047,0.9999993,1,1
3291,0.9999994,1,1
3082,0.9999994,1,1
2590,0.9999994,1,1
2198,0.9999994,1,1
3781,0.9999994,1,1
3519,0.9999994,1,1
3279,0.9999994,1,1
2210,0.9999994,1,1
2629,0.9999995,1,1
2739,0.9999995,1,1
2101,0.9999995,1,1
2018,0.9999995,1,1
3581,0.9999995,1,1
2552,0.9999995,1,1
3244,0.9999995,1,1
3608,0.99999964,1,1
2023,0.99999964,1,1
2148,0.99999964,1,1
3895,0.99999964,1,1
2260,0.99999964,1,1
2529,0.99999964,1,1
2400,0.99999964,1,1
2831,0.99999964,1,1
2672,0.99999964,1,1
2258,0.99999964,1,1
3226,0.99999964,1,1
2343,0.99999976,1,1
3757,0.99999976,1,1
3947,0.99999976,1,1
3847,0.99999976,1,1
3027,0.99999976,1,1
2794,0.99999976,1,1
3648,0.99999976,1,1
2015,0.99999976,1,1
3326,0.99999976,1,1
2751,0.99999976,1,1
2150,0.9999999,1,1
2706,0.9999999,1,1
2810,0.9999999,1,1
2254,0.9999999,1,1
2069,0.9999999,1,1
2885,0.9999999,1,1
2679,0.9999999,1,1
3419,0.9999999,1,1
3634,0.9999999,1,1
2878,0.9999999,1,1
2761,0.9999999,1,1
3593,1.0,1,1
2366,1.0,1,1
3301,1.0,1,1
