-61.520641,-15.060279
-11.837690,25.610039
30.478720,-2.148273
12.084932,-49.452995
-28.011580,-40.250172
-16.465208,23.486221
-14.965903,44.713120
13.557459,-26.553995
-61.877628,-13.621596
-19.958557,-29.818451
-36.764759,-33.081005
-32.800087,21.231874
-1.381273,-12.318617
9.880644,-0.009319
5.465922,35.838978
-51.848091,-1.252149
-39.192097,-46.466167
-56.692890,-10.043393
-43.361050,-39.334045
-8.199660,-57.690285
-38.314251,17.886297
-23.679148,17.245466
-18.896936,-15.568837
-27.860996,-5.261356
15.343974,-56.918198
-31.229391,-45.832855
-15.927357,20.631092
-14.233027,-19.187330
18.911684,-58.449123
-1.485220,9.109425
25.576571,-48.154911
-21.105604,-51.481983
-38.171242,-19.069971
-2.501992,-40.223923
-52.621300,20.657515
10.534162,11.468312
-48.712284,4.592873
18.836510,-27.163670
27.034477,-14.581002
2.664984,32.696568
13.484362,-38.682266
4.986518,0.452232
-34.437710,-52.765846
-31.496252,-18.890324
19.750942,-50.166359
-51.707966,6.847053
-9.865532,-21.728500
1.087268,-51.070534
34.176029,-6.676484
23.461559,-4.948639
-0.580437,10.568191
21.988415,-24.612633
1.350970,-8.189501
-40.946297,-26.114145
19.216749,-22.742176
-22.114996,-51.576660
-24.449179,-52.064053
-47.792019,15.282262
17.440485,-48.741566
-20.916227,-47.178684
-35.928825,-33.129147
12.200225,-7.428060
-29.153393,-29.503729
-12.678758,-13.080033
-50.985214,14.903732
-42.975861,-33.524292
21.318594,-0.801672
-42.713444,-25.427549
-22.199373,24.350855
-16.409061,-5.376826
20.333176,-6.317234
-17.114634,-2.015079
-46.793026,-17.883213
-9.662233,-37.648735
-29.346163,-29.545870
-21.708179,-52.162785
-21.767857,-6.299765
-51.659592,7.582421
-3.842067,3.350815
-51.058014,6.321447
-4.008609,7.252528
-6.680232,-62.613949
41.404659,-22.702181
-23.376127,-53.168922
-29.747837,0.258369
-3.293999,5.796948
-28.976866,-31.438828
2.122967,-40.003059
-39.937607,-18.620634
23.507029,-26.253088
12.735174,-6.685262
16.175472,17.204197
-11.868492,23.743412
8.258731,-46.272747
-39.034298,-47.418884
1.233973,-1.062419
21.136505,-45.639191
-55.491566,-25.986263
-4.665146,-57.184345
-59.334816,-23.517038
-20.122526,-26.919697
-39.879532,14.194443
42.072578,-22.661228
30.931089,-1.563331
-19.213636,-12.637985
-62.488235,-26.572815
-5.839082,-63.354939
-37.421719,-11.228203
-66.538109,-21.225065
24.933270,-44.720974
2.447895,18.040932
7.730267,-1.023585
-52.213608,-5.341762
29.746288,-37.555870
-27.538101,15.118028
-17.249254,18.243958
-4.137731,-8.395674
-11.060925,-13.643925
-9.603371,-45.782703
27.762947,-30.708786
-41.401539,-24.662508
37.206871,-27.147442
16.601362,32.640854
33.145657,-5.798539
9.390697,-29.893795
-42.058868,-28.550781
-45.451813,1.572557
12.371549,19.612757
20.437731,-56.890274
-50.016457,-4.918030
-64.107971,-20.885702
-30.754015,-43.429405
-24.287724,21.383781
14.853865,-51.801163
-36.105164,20.643206
27.208612,-34.176979
12.769202,-50.551571
-2.886068,-34.269119
-41.271797,1.517227
-0.684075,6.784719
-2.911783,-20.810730
-60.596420,-25.742414
25.944820,-44.154316
-3.828120,-2.932063
18.216223,-45.430000
7.289047,-8.186930
-2.484663,-7.601696
-39.267273,14.256812
27.777449,-15.634355
-2.119005,-8.020715
-38.359955,-9.247402
15.461946,-57.097710
-27.966606,-0.635365
40.944077,-20.384184
-57.240032,-30.291119
26.737957,-43.350338
-36.994442,-48.294800
-65.654922,-23.237318
-28.151081,-40.913307
-17.662336,-52.324348
-30.975485,-22.443281
-51.227261,-9.751318
-57.340565,-30.120300
-21.444675,-4.286128
-17.454334,-54.018707
33.790562,-6.014116
-47.309204,-31.292313
20.526274,-47.489552
-17.614145,-35.512188
-27.074047,-12.723811
-38.463566,-18.323053
-17.646475,22.361023
-27.449326,-12.034282
-46.672794,-11.390541
-54.886021,-4.781257
-22.274092,-19.840517
-11.042434,-20.997091
-56.940319,-23.893257
-1.195726,-11.375702
-9.611920,21.141150
-48.092041,-26.841097
-41.556515,-3.585483
-44.397556,-12.723433
42.251354,-5.343284
-26.567034,-2.356593
-1.967963,-20.629957
1.995115,-50.681889
-11.903326,-45.726612
-2.859468,-36.159462
-54.981552,-4.218254
20.101612,0.146692
-32.670071,15.110991
-2.292340,-55.611080
-5.029361,-31.754339
22.999546,19.445730
-11.212602,-31.251059
-23.576563,-29.947636
5.019302,-57.477615
4.744668,2.356478
-46.148991,-21.097921
-51.054012,-28.861814
-49.582767,9.012360
22.292110,-56.997150
21.981680,-4.380173
32.585003,-23.314138
32.694111,-26.390678
5.814747,-29.915588
-53.400162,20.855778
-47.590424,17.150629
-21.368124,-15.172103
39.114548,-22.807947
6.087566,-17.676966
-0.882918,10.019574
-16.832590,-43.095631
-34.367237,-32.761436
11.759649,17.465931
10.989283,-6.764029
-1.271194,-39.629265
14.826017,-50.960888
-6.189640,-41.040977
15.106291,13.348760
-36.965698,-50.436428
-13.572611,-4.720307
-37.394817,-22.138660
36.526508,-6.442049
25.883446,-3.105597
1.467996,-5.963282
8.855462,-27.394838
-11.528659,4.955359
34.513912,-46.323997
-41.183029,15.513864
-6.766816,-63.092632
-48.962791,18.018898
-50.258965,-27.178873
-60.422604,-12.868295
24.759237,-49.033703
-49.602695,-28.896475
29.241560,-21.732912
13.207458,-22.835962
41.537739,-22.037977
-2.749403,3.869509
-2.402814,-8.295256
-35.162815,-35.472038
-26.486298,-30.792946
20.260319,-54.689968
-28.358360,-2.475056
27.893835,-37.136852
-8.397624,-22.159288
5.660140,-9.616739
-52.633335,-2.021071
-37.814484,-43.890533
31.174633,-25.001831
29.586956,-10.202333
-20.501785,-31.169125
10.799287,-21.951126
5.895119,-49.907482
32.797626,-30.169071
25.794302,-44.795063
44.870419,-16.328451
-50.144852,14.984198
-49.546589,-27.557920
-10.086221,-25.233303
-59.488148,-11.065229
-4.977599,-63.139145
-25.554152,5.645822
-9.744144,-1.103111
-38.844177,-11.578352
29.930565,-53.699593
-33.053421,9.206998
-35.929413,-9.295467
-51.343639,19.398247
-32.859840,-18.518038
37.024399,-18.361309
-19.289841,-30.669603
-48.565571,6.617645
-1.033464,10.174854
-21.789759,-7.599758
33.064381,-22.950657
-37.676254,21.918369
-36.678082,-11.925516
-7.592919,2.068942
-64.136772,-17.592627
-28.707737,-32.806015
-4.782745,7.763463
-49.536697,-27.662647
-15.279432,-47.424072
-49.352596,6.326770
-47.144592,-29.998178
13.695046,-57.175995
-32.628849,-20.426561
-27.194880,15.282834
26.407154,-15.976559
-9.726652,-49.137806
10.555957,-28.483784
-48.627987,4.955488
-1.331944,-55.528576
-11.601138,-31.281635
-16.766602,17.901564
-0.619722,-9.063677
28.385427,-46.396389
-12.028435,-45.540478
-11.947385,-36.093910
-11.438033,-35.195332
20.104433,-54.385418
-7.644312,-61.279663
-31.888296,-19.358625
29.570686,-25.244928
-30.373466,14.099848
-30.831984,-50.158302
-41.094440,-0.748415
27.143972,-48.074516
-7.389562,0.635735
-50.452927,-10.015740
18.796661,-59.763741
23.888613,-13.632961
-58.002041,-28.618881
20.383581,-5.796532
16.368763,-56.441780
6.564191,-45.778648
26.333948,-29.781055
7.611858,-33.752975
-40.344376,-5.278161
23.247749,-4.352711
-55.739189,-23.220093
-18.710495,-43.852734
-49.137344,-13.083769
5.390209,-62.395172
18.845627,-57.479706
-4.692294,-59.118835
-45.791767,2.777522
-49.509392,17.566645
-6.935889,-1.783279
-10.338039,-29.180532
-31.049343,-49.329262
-3.796188,-34.806026
-6.235394,-12.202019
-7.358852,-22.268745
-60.182384,-17.128532
-64.736710,-20.243702
21.982145,-7.763953
-18.546724,69.309685
-35.069786,-52.396790
-33.382484,-36.039234
-2.657363,-32.284054
-10.076326,-32.754818
-19.863369,18.901512
13.248784,-51.487118
18.677204,-46.768574
-1.476343,-20.964832
17.119263,-43.970036
-52.086231,20.249737
-30.642262,-31.577507
28.934862,-36.052170
-40.363667,-16.699060
-5.603801,-61.235897
27.023075,-15.352793
-26.391235,39.636261
-19.608191,-35.057499
19.928436,-43.251842
16.597784,-47.268467
27.655426,-51.315701
-55.987988,-25.337440
-23.046255,18.530769
6.465302,-0.733601
28.185255,-36.411503
-41.711838,-19.696068
-30.741100,3.198298
-47.856991,-22.905081
24.435570,-45.669785
-38.495399,22.549309
-30.379866,-19.183006
-38.491447,-17.833683
-36.670834,14.232552
-15.639394,-36.579475
3.157148,-36.832397
-43.492229,-0.857617
2.522172,-36.533184
32.665367,-47.406521
-26.427231,-12.151635
-6.817007,-17.042269
30.612768,-2.170948
24.258335,-23.102280
8.876485,1.553553
-53.792389,-28.484568
-24.521753,-29.116592
-20.814581,-50.657272
38.338966,-22.214071
-16.118942,-17.294308
-6.820010,-41.013912
-63.487759,-14.330273
20.669012,-23.878344
10.233895,-29.036325
-26.831293,-6.938119
-37.452473,-50.102123
-22.722336,-16.040617
-10.573935,-45.724136
39.138870,-13.404551
17.327049,-58.747982
2.052005,-59.790604
-55.970718,-24.431427
-60.910683,-15.329207
-8.323699,-28.831919
-37.386776,-45.652996
-34.598900,-48.392601
-18.214727,-32.908440
-8.808993,-1.901334
8.713289,37.409916
-54.704536,-15.902253
-11.729503,39.810104
-13.156272,-45.260166
-0.092801,-49.554260
5.968199,-56.993523
-2.184175,-18.704193
-4.611130,-47.863094
0.504937,46.442673
9.319583,-2.030209
25.997496,-3.265772
25.825748,-12.263625
-6.202622,-38.045368
-36.353287,-37.689072
9.154065,11.991237
4.346798,-39.445827
27.926538,-46.754875
12.404568,17.638590
20.024525,-27.486269
-41.704327,-2.071247
34.152760,-25.489941
5.717295,-3.928475
32.468208,1.102773
-15.274496,-15.893166
29.106308,-14.503675
-20.953453,-24.317947
7.592942,-49.433922
-26.669460,-6.396552
-15.118429,-18.091356
36.703674,-1.174600
13.837218,-51.502811
-16.090342,-13.113580
16.683950,-41.098377
-45.772396,-29.066952
33.157402,1.044028
-57.722126,-28.910076
-27.227091,-17.150141
33.064644,-24.757349
-42.471149,-40.533222
-43.228317,-25.292452
26.903313,-44.089737
3.905332,-19.368738
-44.708134,-2.609485
-47.982582,18.073925
-16.787416,-31.546656
33.800911,-22.855148
-65.116524,-18.848206
-35.215130,-13.806939
-0.333351,-19.475143
7.588876,-44.834274
-53.450249,-29.528934
-48.268253,9.149005
-9.415155,0.094204
-39.075218,18.211025
-24.860140,-34.064659
-36.533382,-12.746592
-53.178638,-14.215980
-24.391836,20.470772
-24.681780,-35.041580
6.066195,-47.709316
26.852842,-45.136200
6.674757,-30.529858
9.084871,-9.136513
-34.822178,-5.794225
-36.312191,-1.972888
-10.981727,-36.572674
-6.675982,6.171925
7.508892,2.301394
25.789597,-29.451643
-38.223499,1.423836
-43.289337,-18.217855
-35.964993,20.900242
-31.129259,-0.024853
-35.744823,-9.030407
-7.101813,18.471916
10.569489,13.370477
20.760075,-0.964502
5.533666,12.136847
-42.919964,-34.093121
14.790071,9.921844
-36.354420,-20.898008
-27.989155,-3.386021
-52.438702,19.108171
-3.961475,-27.599228
25.018532,-15.293319
-1.809489,-64.545158
10.988776,-8.836019
-9.092922,25.632822
-33.510891,2.991213
-65.155663,-22.560125
25.036076,-10.906457
-16.653223,20.663523
5.487925,-60.482212
26.297033,-17.097792
-8.827568,-13.283644
-15.831580,-4.897254
-61.190887,-26.311749
-58.293201,-12.631723
-25.881594,-11.822393
8.045228,-22.871691
-9.806236,33.234459
-23.740496,-12.728666
-22.253120,-18.980734
16.354258,25.576799
-7.526685,28.854652
16.023195,-26.804564
34.004482,2.014240
7.382338,-6.497936
-40.546181,-31.389082
30.601339,-2.297518
-21.576212,-19.681295
25.981791,-15.111379
0.202944,10.058345
29.991257,-29.050457
12.429357,10.029828
-2.093348,-53.173866
-16.341370,-36.521164
-36.592190,-21.559435
-50.745148,-15.701529
23.502155,-23.604033
1.682745,-56.223656
-57.505699,-26.338961
17.814423,-27.001579
-48.936295,-27.520290
-27.479752,-18.564680
-63.672089,-24.748850
-1.271604,-8.850742
7.245695,11.493950
-7.275727,-62.197521
-22.132465,-22.041029
29.659300,-24.677019
27.863287,-21.656595
26.559181,-49.767139
-64.980019,-20.016796
-61.825706,-20.458992
-9.066977,-59.447697
-24.613400,6.765288
-10.255922,-39.406315
34.518089,-11.414770
35.219265,5.127052
-20.981548,-7.185033
-17.285042,-41.973804
-32.015415,-36.146622
16.690990,-58.397938
32.688786,0.122242
11.113862,-21.164141
-18.214853,-27.298456
-30.095337,-42.072697
7.629477,-33.669567
-34.760796,-52.562916
13.997700,-38.801010
-27.385916,-17.158527
11.821184,20.836445
-4.110767,-2.242668
-8.975767,19.004248
-52.453262,19.431974
-27.358074,-41.705223
-35.307404,-5.722472
-36.272846,-44.463627
-17.210752,-1.262524
45.303196,-16.229715
40.355793,-11.325541
16.458109,-43.922050
-0.903101,-55.502495
-30.775648,0.045730
0.403405,32.344433
-29.654934,-41.764511
-1.918601,-8.018620
-11.494359,-12.484744
24.426710,-9.958772
-1.462323,-51.778694
-17.114332,-4.454654
25.021793,-49.288010
-39.657295,-28.933796
-49.224754,-23.132738
-12.076699,30.760567
-11.617855,-29.921160
-28.316793,-14.057030
9.881469,-20.218569
-3.419320,-32.873814
-50.127464,-2.223095
-29.794292,-3.838537
-56.837013,-6.584502
6.457869,-55.807163
25.745281,-26.032639
17.322439,-52.789791
24.073133,-3.791466
4.476761,-20.969500
-51.527454,7.265831
-44.876583,-2.897535
-14.827780,-13.351722
6.872338,-22.511105
43.604000,-20.943979
-6.069552,-12.952801
16.306623,23.797291
-7.050541,-0.757686
9.297774,-7.899390
-51.051502,-31.246012
-16.903767,-35.910534
21.819284,-53.018044
-12.032510,-27.225542
19.266172,-46.014839
27.197529,-11.144888
38.005829,-26.656506
38.926212,-0.547231
-33.409042,-41.738705
8.235468,-3.613910
24.618776,-22.377100
-33.214439,-43.666206
9.993190,-0.916134
5.660336,-40.257904
31.595335,-31.298477
9.703114,1.490911
-4.126401,-1.197616
24.046608,-27.021420
-14.451014,-36.468502
-33.349239,-36.921932
-29.486380,-48.238499
-34.272758,-32.564064
26.375914,-50.142963
6.720482,-30.562702
-47.623638,18.145641
13.501166,-51.441330
27.510006,-52.833282
-28.268785,-21.169512
-21.375515,-16.932650
-29.491625,14.608650
37.352016,-19.814413
-61.312950,-13.202072
-14.839118,-30.833330
-35.622993,-2.038267
-30.935343,-36.916393
-21.346388,-54.258671
-27.194233,3.158275
-10.991570,-47.427662
-28.125046,-36.149822
23.829075,-48.894104
-50.559013,9.750944
32.849648,-46.922585
-5.179959,19.614771
-26.421640,39.487106
-40.919178,-29.492065
-13.980698,20.316963
26.556694,-41.584591
-2.357626,25.935089
20.864279,-24.348736
-26.764336,-43.546791
-38.414639,-21.271347
25.831255,-56.391029
-26.034000,15.864678
-4.670719,19.312563
-44.356533,9.006028
-34.291138,2.881245
-16.077496,-35.894775
0.485792,-51.532993
-46.703472,-17.167175
-38.157890,13.331066
-58.187794,-26.540190
4.233914,-15.342259
-58.274364,-12.942917
41.646637,34.353615
38.729027,-14.755862
8.318573,-42.012321
-27.195866,2.946000
-7.406544,-22.551764
-30.540739,-8.583056
9.026734,-54.876957
-56.476006,-11.600785
11.147577,-24.741709
-51.005390,-5.494041
-36.363346,-19.671179
-34.423771,21.178087
-39.261585,1.599365
-19.043562,-2.507657
-13.939666,-23.653193
25.148567,-33.333401
-39.239086,-13.293442
-21.913841,24.002184
-26.059158,-17.156078
36.207943,-11.044994
-6.408068,-26.891956
-50.209312,-2.369431
-42.510422,-4.056495
9.189051,-49.411926
-27.416031,1.522851
29.422581,-38.519917
10.451500,-17.414856
-18.902121,-50.560574
-35.953247,-5.190770
8.543613,-46.236725
-35.536552,14.268616
-9.758307,-3.038820
35.586254,-18.019045
20.889015,-8.630735
-2.085283,-49.729614
-11.665536,-26.361361
-2.782096,-7.852680
9.718905,-0.532214
2.786899,18.465076
20.520990,-45.132225
5.679023,-3.454232
14.939458,-43.959545
-51.224335,-13.812608
-16.143259,-40.971008
-29.990499,-16.886162
-48.557743,-24.542168
18.869675,-46.309151
8.177992,-46.075630
-33.880802,-22.446102
-4.077488,4.559635
13.526790,-46.832111
-51.575035,16.324512
-34.391872,13.900599
-14.664170,-39.637524
31.809010,-11.811354
-24.899443,-35.549156
-0.436665,-33.864964
-29.287777,13.506100
-8.738173,-28.065081
-0.573940,-53.624737
-45.051929,8.941876
-50.833061,18.545197
24.744085,-3.907199
-51.724144,-14.232362
-31.384743,-11.441447
-28.398008,10.722228
-50.091892,-11.691904
-24.158756,-5.069605
-2.984405,-62.382217
-28.485661,14.637907
-32.470871,2.701901
36.020348,-4.372365
40.697598,-22.051146
-27.188454,-30.546495
-6.559046,30.321276
-46.195724,-21.670317
-36.130611,1.628558
-6.191195,-25.962843
-3.777797,-8.552572
-24.572947,-53.931648
-14.203339,-20.208944
-56.675182,-2.286600
28.968048,-21.255672
-18.590170,-2.474042
-19.752787,-5.356745
-44.206745,-14.497501
29.944572,-33.235783
-13.573580,-13.707142
-35.994045,-21.818546
12.984980,-22.184496
24.000854,-24.061253
-18.202826,-34.631207
38.237190,-25.003458
-23.028156,19.086138
-1.993422,18.088993
15.840150,-7.051087
11.294147,-17.593733
4.662578,-39.135868
-23.592110,-21.846224
42.300556,-24.936008
29.126385,-51.268299
19.953308,-41.618134
-51.509068,-29.962103
35.808540,-4.777313
39.801346,-14.947978
9.517982,-49.315304
-52.232010,14.324617
-18.376820,-48.282761
-55.313515,-14.338494
25.226698,-4.221502
-25.171232,21.092365
-1.702578,-6.786998
-3.224116,-64.935074
-48.669788,-15.902184
26.685530,-14.873683
-0.724814,-20.464050
-53.689854,12.669879
-7.119369,-33.757927
-40.973766,-8.076421
-1.575260,10.750510
13.243600,-46.695541
-24.223352,16.705330
-24.959391,-34.054501
-2.571567,-35.319958
14.520418,11.591310
-29.650766,-4.721211
2.504291,-50.360722
29.311693,-51.690498
-38.475552,-10.535189
6.583170,-62.271221
-46.465752,2.977449
-7.271540,-61.566929
-21.466551,-50.882759
-27.172905,-18.950487
22.851276,-48.201195
-23.118797,-51.876343
25.430069,-29.059158
-15.773273,-9.972703
-25.183348,-36.071278
7.438502,-42.629471
36.427029,-1.756639
0.595542,5.585250
-0.872414,9.093931
-40.783642,-18.060526
19.564905,-10.018422
-34.866573,-45.932041
-0.403807,-30.008438
14.652718,10.079031
11.671551,-22.724882
4.600613,-62.405159
-6.600067,-52.010521
-8.194233,-15.572124
-39.419273,0.892505
19.486780,-57.139362
6.094830,-1.249738
-4.951554,-36.545151
26.675144,6.444194
-2.186228,4.167000
-53.391888,-31.136068
-17.093712,-5.113323
7.242619,-29.633282
18.629429,-59.204803
-8.909995,-12.003364
27.607557,-29.729750
-20.611479,-6.687154
-7.197148,-22.182253
-23.286970,41.404167
9.327192,-27.693577
-35.499844,16.574743
15.171578,-50.434650
-12.331729,23.428963
-19.162664,-16.252108
-48.302288,-24.164402
23.997557,-44.851357
-35.431301,-10.794239
-34.486568,-43.738770
1.139793,-6.439969
-3.598441,-27.702332
-14.512697,-15.860986
-11.240283,-28.077425
-41.153946,-4.580032
32.988487,-13.604741
-2.492946,-53.517139
29.954882,-33.620495
23.389095,-32.032009
-50.399551,-5.670634
42.800056,-2.226398
-43.448856,-18.890322
22.309570,-46.853981
-49.058582,15.965945
4.876488,-53.992821
4.969640,-4.430112
18.079535,-7.550687
13.347680,-39.311893
-46.619473,17.814655
-62.435764,-19.932264
15.550101,-43.931732
0.825423,-59.525993
-19.007944,-42.685989
17.257318,-27.135519
-63.607857,-12.148662
-14.203691,-25.755247
19.857601,-2.645762
-22.275696,17.966160
-38.683834,-1.199385
-3.445279,4.268517
-10.109859,22.141672
-31.513313,-8.297182
-30.195145,-37.784435
-41.687000,-3.417646
-37.525108,-46.396053
-28.925016,-18.975111
9.449644,-3.352159
-29.769531,-42.315624
-31.009346,-21.931402
-48.296894,-5.201980
-21.568752,-24.727169
-52.286484,-9.485403
30.551638,-31.141493
-31.211329,-32.984375
-6.468706,17.790594
-26.550049,20.215094
-24.544598,-6.395163
9.249126,-53.746956
0.004690,4.710383
-62.821270,-20.709867
33.146835,-46.806877
0.146275,-54.639427
-41.707687,14.188405
27.903545,-53.866093
7.949986,-23.053061
-40.386948,-28.800812
17.064236,-58.423481
-6.417145,-37.409882
40.233078,-20.789047
-20.088480,1.516212
5.390875,12.732725
-30.519695,-17.004179
1.214413,8.178499
-49.115009,7.138748
-56.919933,-5.157679
5.157383,-48.834347
-1.114134,-21.504152
-18.877861,-14.727428
-17.144440,-43.059956
-2.107870,-1.439147
8.154941,-0.920265
9.162311,-31.433638
-10.591358,-37.081192
-26.731560,15.711104
-24.807207,16.201649
-19.248316,-38.955250
-54.447754,-19.010679
-38.169643,-19.918022
-56.071487,-27.583363
-1.790151,-58.158401
-16.951824,21.246424
31.845364,-11.371626
-0.410769,5.518870
4.874404,-57.290462
6.743417,-30.821846
-1.863227,-41.286797
-34.416687,11.354182
9.865389,-54.934086
6.093086,-7.587012
8.025934,-50.200283
25.398790,-42.312920
-57.536247,-25.522083
6.004919,14.127496
-20.823019,19.314171
26.316458,-45.609726
34.563889,-4.784104
-14.552698,-4.387866
8.740333,-7.005620
-57.788822,-1.446209
-15.342412,-41.062023
-5.444897,-62.925610
1.889783,-64.961334
-25.798204,5.418358
3.885521,-14.428162
-4.988474,7.745569
-0.710796,-0.395106
26.966204,-13.066527
33.133301,-12.782043
-17.915937,-53.003578
-0.830425,-39.987698
-9.342340,-60.064335
-1.260349,35.421894
25.354158,-16.197342
-38.526272,-43.573177
-47.137085,-29.356043
-44.044617,-13.786598
1.729375,-12.526636
-9.747598,27.583889
-10.369172,3.345771
-3.620152,-1.747173
-28.434252,-33.207714
-42.929928,-33.567173
-40.100044,-2.762822
7.403764,-45.723480
-57.357552,-11.256002
-36.613583,14.041394
-52.691299,-30.975904
-36.935917,-4.058247
0.289031,3.405469
-13.775197,-13.369219
36.480171,-27.776121
-34.199848,-44.011330
-8.642919,-27.533871
21.390621,-2.225204
29.081011,-20.139524
-23.388990,-19.066702
-22.156660,-16.866440
-45.619198,-33.761627
-28.911121,-40.874855
-36.614197,-37.162960
17.430618,-6.713229
-45.862556,-33.368679
-31.016743,-31.276709
-7.374615,-40.378956
-27.426962,-6.086508
25.063780,-48.801456
-50.622345,10.006800
10.178246,8.362928
-34.573147,15.937017
26.186386,-1.314159
-6.969368,1.233974
24.690121,-32.570087
24.195864,-7.867181
-32.506130,-18.872194
-31.989124,-15.282514
-27.877733,0.886889
-2.215292,-36.525452
14.218047,17.575056
37.050774,-28.005381
-28.317644,12.924230
32.661861,-29.502899
-32.953583,-18.273090
-40.036560,-1.387975
3.112418,-6.218205
-53.100815,-14.235056
-15.309800,42.972328
-29.792406,-33.170017
-35.261707,-42.623554
29.933697,-32.549179
1.645275,-12.649069
-3.133228,-37.924015
-4.199279,23.880447
12.163365,-20.620527
-50.725990,-30.737068
-7.108861,-59.198074
-10.792760,-13.991464
22.070261,-57.206528
-3.743625,-34.150837
-0.570539,-22.728752
-64.370834,-18.833439
-14.870962,0.499508
7.484233,-53.409023
-37.076469,21.072977
-36.156147,-8.492075
-45.594273,-10.755308
25.159464,-12.094023
-10.757399,-25.902142
8.921625,-27.761969
-13.954945,-38.866177
33.088184,-11.920116
-52.014324,7.569433
21.289417,-58.068436
-36.411842,0.006060
-17.819635,-51.665890
29.182199,-22.337122
-13.764821,-17.862967
-23.990911,37.767544
32.654255,-30.187532
3.988025,-39.767727
-9.145310,18.163012
32.125542,-26.179163
-34.528767,21.383718
-44.046207,-26.498549
-22.358238,42.433456
-29.074921,-19.017769
-8.741277,-39.225246
20.867880,-57.584019
16.528490,-52.459164
-32.077675,18.452702
28.011799,-53.987595
-9.918061,37.935688
4.313285,2.110840
-28.573502,-48.850277
-62.380283,-14.669539
6.141018,-49.485428
-30.337635,-31.925219
-54.201469,-7.215497
-22.637728,-5.165078
-13.669109,-15.474581
-30.842663,-48.851997
-48.337769,-24.898710
16.085976,-10.535119
17.326096,-6.664190
-0.820461,-54.316906
30.042419,-25.902594
38.741665,-23.989635
-10.080362,-34.129959
19.747999,-7.745754
-10.338991,-49.978420
-19.806126,19.571085
29.836195,-35.643528
40.477993,-10.895115
-41.556789,-18.432739
14.067190,-55.934212
22.571421,-30.877794
22.492748,-0.907534
-12.249688,35.637154
-16.689068,17.909899
-5.029416,-59.527126
-26.619167,-2.952209
-0.079822,-28.755230
-22.997185,-49.474491
8.007575,-10.906853
-7.541419,-16.408436
-34.879986,-51.789551
-35.149750,-52.120564
7.803564,-50.057693
25.746149,-26.184256
-3.817062,19.193848
20.545649,-32.746101
-12.678025,31.340197
17.980986,-58.278072
-29.433519,11.042566
-58.682941,-25.138094
7.668811,-32.388496
-4.386470,-32.917953
22.417053,-52.095894
-10.786889,4.902940
-38.539543,-46.190285
-2.188946,-21.058826
-36.433193,-3.647580
-30.025360,-13.753830
22.690437,-11.504862
-17.361441,-3.372806
-5.475750,-26.138802
15.976415,-40.860195
-50.469879,12.803117
-29.980095,-51.252197
16.231556,16.472479
-17.581795,-50.392551
23.178396,-12.140157
-51.080967,7.914452
-8.788311,48.353043
-24.673050,-6.412292
-38.233036,-17.883982
-1.259115,-54.430729
-53.009354,6.599261
20.683493,-2.966672
-54.908985,-31.307177
-25.081453,44.670528
-17.439493,22.244675
-23.985586,-20.696447
-1.333971,-7.931811
-6.659493,5.444983
9.419778,-6.325598
-53.416382,-27.052750
-14.341077,-29.413548
-28.720482,16.056669
-28.923094,0.420847
-21.861206,-21.734184
-34.788830,-10.718882
-35.928825,14.774990
22.941044,-26.218071
20.205292,-8.620147
-36.661201,-19.735020
-14.606171,-46.088913
17.602470,-6.546642
-21.668016,-15.314840
3.667793,-56.535950
18.172653,-10.085572
4.813742,-40.121559
-9.286986,21.868547
-28.977753,-6.478114
-34.770981,-11.452756
-24.615519,10.277118
-1.306566,-12.336502
-57.461826,-26.851473
-36.848301,-12.997575
-58.891552,-6.482115
-24.115570,-35.099468
-14.214296,49.585953
-21.914175,-16.885162
-34.400570,11.858998
-3.803463,-18.260950
-19.920252,-1.590388
-24.157795,-18.580320
-42.878819,-19.290907
-50.581436,-3.247594
-56.889515,-1.594434
-2.140593,-18.961763
-4.812333,18.453707
45.196205,-17.151632
16.634790,-7.854093
-3.017655,25.984623
-50.854256,19.390375
-8.100628,-0.825698
-34.131512,-2.680786
31.519464,-14.323028
31.460424,12.370930
1.612909,-11.091426
-7.624271,66.872208
-50.159050,-16.319956
-37.633617,-16.735620
-29.819029,-22.852055
-10.064632,-48.080837
12.952035,-45.961597
8.879894,-7.313170
-38.646000,18.129148
-47.787857,-16.361635
11.168512,7.307310
-22.298594,-32.757843
-15.384875,-14.759568
29.069616,-14.118772
30.904203,-26.080683
40.205570,-3.592672
2.159308,-40.202553
-2.757052,-1.721592
-33.504513,13.868966
1.346937,-1.123647
23.927496,-33.572449
-55.460766,-24.925203
-26.900864,5.232176
-6.474581,19.918917
-63.870110,-12.260724
-47.162521,3.577625
4.688253,-8.798379
-9.283738,2.279229
-34.934628,-47.511593
-52.771458,-29.296488
-27.332485,-12.803430
24.285934,-56.530827
-15.768255,-47.370300
21.871397,-2.897653
8.815550,-31.513197
-12.795565,-33.807678
-30.272907,-23.182892
13.621572,21.524269
-49.555084,-29.986803
-40.354683,-8.254950
-20.636934,-29.963411
-52.429253,20.256577
3.911702,-14.574110
33.894444,-25.683350
-51.510475,-13.130193
-55.800137,-7.075454
9.605398,10.580031
-27.389551,-42.931484
-57.491806,-17.699499
-36.356853,-46.520786
-8.540061,19.956667
-31.007433,-33.963726
-8.840154,27.795259
-58.711918,-26.341017
39.391373,-3.928866
-2.335063,-31.018688
-7.600110,-40.198727
-4.467108,19.620937
-66.706200,-23.008783
21.802811,-1.380999
-24.796352,-17.249146
-39.689613,-43.706631
-17.020460,-35.146481
-58.865795,-23.613003
12.078376,-52.685917
-7.266560,-59.382877
-48.958221,18.855467
-36.085480,-0.306118
34.531830,-23.402653
-47.507858,-13.643225
-27.864840,-5.784363
22.626652,-9.029211
-26.455112,40.101540
-8.086164,5.643753
41.199512,34.470570
-7.457283,-37.019604
-5.593880,-61.142845
-23.357136,-5.497989
-31.305574,-7.434116
-8.728829,24.666927
-27.312593,-40.407803
7.681716,-8.354285
-41.387695,-3.407535
-10.648859,3.931160
-7.316607,-1.435266
5.994181,-61.260899
-18.296133,-13.842931
-52.308849,5.460203
41.812778,-23.706219
28.979725,-46.347702
-12.730970,31.661461
40.268692,-19.633667
-9.120043,20.591551
-15.018708,-25.675938
-16.792847,-3.582737
20.004229,-24.598459
-61.356529,-19.083103
-20.299500,-49.703724
9.950590,-7.873097
12.566258,-36.690907
-7.567258,20.232971
-4.333262,29.462929
-20.169647,-53.562359
-9.911718,-49.363380
-4.030598,-63.320869
0.178480,-52.665195
-17.710901,-35.788582
10.113979,-25.517357
5.449350,-50.198002
-21.260347,-7.743177
33.524227,-27.245344
-47.970005,-17.282307
-8.008491,0.837226
-10.439616,23.294371
-48.049686,3.879013
-52.079594,19.130919
17.600624,-46.317150
-4.078561,-15.717819
-12.834792,-16.158916
-20.825878,-53.328564
0.204154,-27.046900
6.815724,-45.565189
-64.312904,-25.958412
40.498116,-22.645805
-4.665815,-56.174667
-52.065125,-9.773197
36.050785,-27.527798
-29.810671,-44.108978
6.227895,-42.227978
36.097828,-11.081345
-20.084875,21.432512
-12.850606,-0.390191
-23.315414,18.639235
-49.686863,-12.983371
-37.172836,-49.054436
-9.873342,-38.622375
9.981556,-18.440771
30.623131,-12.067955
-31.516239,19.964537
8.494892,0.931264
-55.110081,-17.795635
-12.774216,-44.206459
10.572580,-18.022476
-37.950352,17.170429
-48.313560,-12.908013
14.740748,17.491623
-11.527094,35.497246
-42.612091,-20.890781
6.566878,-1.090167
-41.965885,-16.175539
-40.481171,-7.500651
-18.150267,-43.079144
-47.013405,18.815384
-7.696646,1.529460
38.507858,-5.429222
-48.358448,18.013012
27.115620,-51.702396
-33.332455,14.856050
4.746886,-19.810440
-35.144432,-14.286050
-52.594418,13.973084
-8.979118,-2.249494
2.663965,-41.468933
-2.277977,-63.491623
-22.817581,-21.238741
-2.905251,-64.618431
11.209573,9.971330
-31.205069,-32.909721
24.407784,-47.718212
-1.985310,-1.194426
1.776830,-9.106853
-27.885788,0.359212
-56.110626,-7.278771
33.860939,-12.917795
-55.536259,-5.001682
-25.900124,-53.228073
40.838356,-20.902071
-34.654449,-42.488365
-23.014990,-29.507942
-6.972128,-28.546534
8.065930,-55.861206
-33.852596,-13.180228
7.961532,3.158385
45.586182,-17.066076
5.872301,-55.781487
-27.488091,-14.659818
-24.500177,10.080734
-9.133120,4.351936
-54.531738,-18.312916
-21.874104,18.905621
-46.372601,2.773812
22.050926,-11.225161
9.695310,9.228852
13.912086,-37.836376
-16.006641,-13.248226
-21.275787,-19.311646
-27.786100,-33.461464
-32.126637,-21.387747
27.280117,-52.162529
-4.687908,3.543621
-18.751081,-32.474110
-46.775558,-11.227043
39.317146,-6.413279
-64.651237,-24.017588
-35.068810,2.230849
-57.943974,-16.979326
-2.179242,-20.301888
7.064007,12.988696
0.888808,-60.556591
-18.753231,20.231352
-27.053875,3.219364
-9.756067,-34.794308
8.510832,1.874342
-37.149414,21.568478
4.782519,16.770037
-14.217179,-19.214209
-29.259003,-13.754775
-51.193775,8.758630
-49.696583,-3.767077
6.814607,-21.771662
10.838829,-26.873848
-49.141724,-15.350436
2.728013,-7.011517
10.388556,-20.430801
-25.006950,-33.180634
-18.920088,-1.444571
-22.875168,21.891024
-16.990854,-40.221031
11.688374,-53.134777
-49.477753,-10.684994
15.098787,-40.451572
-13.078858,32.947243
-36.030384,-5.705807
-18.636824,44.114395
-53.057842,7.445400
10.953178,-19.976086
-6.486458,27.692650
31.403133,12.418702
-32.694538,19.610460
-24.503361,6.934456
-38.887798,-9.535067
-10.038092,-34.467472
-17.211666,-2.499088
20.313540,-4.881323
21.366385,-47.673965
-28.430723,-31.767359
3.715979,-13.910422
-6.870235,-34.739807
9.209436,-61.506077
-8.837251,2.729687
-14.947095,-40.117264
-35.172680,18.283215
14.113409,-24.322796
-64.426247,-23.266060
-64.226357,-24.871492
-58.010315,-27.977753
8.096407,-3.269373
-15.099547,1.065981
-51.229588,5.367344
-34.857719,-46.748402
-10.139694,-25.376774
-19.704271,1.323089
23.495262,-21.862335
-41.112156,0.397996
-35.810669,-1.380638
30.018753,-11.195547
-64.607880,-17.214815
-33.435101,-1.871582
-43.845966,-27.296854
4.766931,3.029627
-55.668713,-27.807756
1.808122,-7.154550
10.238331,1.003693
22.323071,-8.764597
-14.134256,-45.935116
29.513885,-11.251760
16.532066,-7.347249
42.127251,-4.221923
4.892098,-40.673397
-30.259087,16.433084
-42.447788,-21.099707
39.562695,-22.222887
6.700146,13.096602
7.602949,-50.758106
-17.972626,-53.516262
-51.485332,-16.605074
44.425911,3.205868
-57.746986,-25.665188
0.544406,-39.942955
-19.188114,-49.462070
27.375834,-53.032909
-14.587538,-32.048233
-52.482433,-1.595871
10.334828,18.408417
-29.701223,11.193025
20.013865,-24.834789
-18.048706,20.072142
26.749500,-11.473179
-3.235009,-2.617027
-20.548254,-52.913700
-14.683552,20.377605
-21.014536,24.014999
-4.570334,18.445805
28.978806,-29.461472
-45.478191,2.728883
-14.535984,0.054648
-31.022421,-23.141241
-9.596931,-26.024956
-30.477476,-8.422276
8.755558,-5.197453
-4.685699,-58.381618
-14.734172,-11.614456
24.406836,-41.728313
-6.841341,5.910942
9.376781,-31.125982
16.590832,23.796946
-41.781796,-16.926966
-4.335072,17.628553
-38.121075,-42.808926
-1.238318,-39.687893
18.430431,-10.889771
36.770157,-26.955008
-21.241119,-7.036615
12.769858,-38.180698
25.860588,-48.443729
-14.022415,-5.257374
-8.329103,-27.781586
-4.689513,-52.035435
-42.504631,-42.499424
-7.809626,-13.383707
-42.767021,-33.321419
-9.169903,1.283151
6.189959,12.164988
29.406843,-34.503998
19.142727,-43.142429
12.090428,-57.382221
-18.153173,-2.589937
23.556419,-30.576458
-14.462456,-15.176361
-48.150234,-5.016107
2.010355,-64.478806
4.156318,-7.423983
-53.804737,10.113018
10.275671,-20.222105
-21.519211,-25.196720
-18.761326,-31.676239
36.152527,-2.696005
-21.579180,-54.265785
17.686462,-43.862724
26.279562,-3.296550
-23.042440,17.056047
15.127277,-58.798382
-19.442835,-28.573622
-23.544855,24.448704
-30.964138,-49.538830
28.377752,-12.519549
20.909441,-8.973133
-21.704872,-13.056973
-7.793070,2.858117
-38.293770,-50.449501
-15.264714,-4.277958
-25.670223,39.536743
-37.970978,-9.818157
-2.487418,-39.135872
-9.488568,18.347761
5.980515,-31.163107
29.993399,-19.621912
18.023191,-12.028529
-14.087191,-12.272591
-8.275036,5.643931
-47.799683,3.412209
-20.181770,-35.255074
32.005711,-22.588160
-14.904389,-10.809309
-51.500774,-14.015215
7.535069,-41.742981
7.099187,-46.685249
-2.064680,-38.517769
-10.484994,-35.022472
-27.654305,-13.922986
-18.235107,-32.015739
16.185930,-45.700459
17.779150,-46.392277
-10.250555,-24.766365
-36.414543,-37.672398
-34.780960,-44.607693
28.757303,-41.506767
-29.598379,-47.779278
-4.563120,-32.270264
24.730595,-18.240532
-51.159729,-18.875326
41.111794,-22.894054
-3.881027,18.458284
8.676126,-23.488829
-53.020451,-0.940390
-44.968822,-20.580648
20.460657,-32.932613
-52.978298,13.956435
4.663880,-52.278027
20.303162,-44.522282
-9.289101,-13.479428
-59.376003,-15.136615
10.809788,-60.613987
13.053845,-56.785484
-39.906067,-44.008354
-19.904327,-13.455467
-14.808926,-25.773323
-41.111309,14.901334
-41.940201,-1.754901
38.878502,-0.685078
-30.925789,-46.162952
-8.524632,-14.821138
-41.830456,-32.808861
-47.896320,6.870406
26.347305,-14.710024
-41.721664,-26.260750
6.260396,-60.185879
-49.603344,-14.781715
-30.079248,-4.903038
-6.375295,1.699210
23.978413,-32.395115
-14.485848,21.326382
-18.624773,21.126978
32.806171,-12.969846
-31.542837,-19.099663
-28.805634,0.045907
-49.694561,-25.806957
20.496588,-9.084019
-0.856895,-62.193962
-22.841146,-50.735199
-12.973290,-0.646673
-40.121777,14.068574
-4.898275,23.144342
20.095497,-54.478100
-29.004503,-5.041691
24.202347,-9.372430
10.520782,-6.520749
-23.524727,19.742710
-59.478832,-19.058001
16.943838,25.039019
23.636232,-29.852102
7.855461,-35.032482
-22.578325,24.668726
21.275589,-47.968544
14.648766,-48.076889
-44.726051,-16.798767
-39.071087,17.629164
16.984394,-48.873470
24.700918,-18.753567
-58.740505,-24.885059
-31.766523,20.793907
16.279715,-8.057818
-47.536755,-27.220268
-19.189688,-2.074392
-16.835684,-1.439123
30.401157,-27.301609
27.900883,-37.459736
-5.890964,28.244780
-47.095894,-29.263861
-15.491939,-41.702263
-34.967754,14.432748
-20.958391,-23.070301
-27.760492,-19.253025
-2.794283,25.426464
-6.081672,-51.830933
17.679628,-12.917853
37.295750,-7.333968
8.179004,-54.763298
6.902951,-31.958191
37.915512,-25.199835
-8.281064,-39.376190
-50.457329,-12.629111
18.007862,-27.626162
-20.830122,-1.268498
-21.089703,-5.083974
-46.590096,-32.900002
22.606245,-13.551178
-32.446480,-43.467884
-50.181339,9.412381
31.414892,-14.231706
39.122562,-13.162148
-5.646024,-28.568966
-54.073650,-7.098172
-51.007111,-0.642083
-0.320280,-29.603500
15.220181,13.645765
-51.865604,-30.282438
-7.559726,-32.543865
-51.806881,-19.022797
-19.410416,-38.872246
24.445761,-49.126583
-64.922539,-20.846561
-9.392375,-0.396610
8.759141,-51.013260
1.276783,5.087831
-37.710838,17.799314
-7.981074,-11.576527
9.109068,-59.594093
26.695736,6.464463
21.962151,-11.153729
-9.734092,33.393116
15.717463,-33.797138
-10.460532,-45.533195
-47.949467,5.538107
-56.675831,-10.195491
-20.653118,24.305584
9.126183,-45.932884
5.990074,-6.675703
-12.979199,-14.068854
-56.406933,-28.282478
-39.688568,1.291538
-33.097980,-18.037827
-1.595403,-18.760227
29.775713,-52.334843
-2.505456,-63.423931
-49.106827,-22.580776
-30.609528,-19.251202
-50.183300,14.372689
-29.990120,-32.415009
7.857786,-10.702446
-56.677906,-27.571655
-35.892857,-46.589725
4.515444,-15.875835
32.115421,-26.291523
-26.562077,-28.388481
-14.106385,-29.180140
17.311020,-41.615555
31.591286,-23.689037
-60.532413,-22.581268
-54.964062,-18.221668
-32.727074,-46.174908
8.475383,-24.494652
-6.000776,18.140688
-45.019386,-20.345755
-28.270077,-43.111900
11.402348,-7.967542
-4.817148,-28.807865
4.501214,42.846798
-18.316139,-15.576957
27.660038,-10.937222
-29.436047,12.028870
8.578472,-5.351872
3.416220,-57.673634
6.858151,-28.953665
9.287836,-59.803822
-28.281456,-42.670105
7.127153,39.092228
-58.798855,-12.328362
-22.674192,-33.004425
40.898594,-3.257156
-27.926825,-31.039518
-51.212025,-0.997850
-31.054516,-21.100042
-22.603691,23.162821
-63.089668,-16.540716
-4.217139,-37.924648
-53.859154,-6.816585
-49.731049,18.463337
-41.824726,-0.050786
-26.511818,-40.207989
-8.045267,-3.557141
-19.093992,-13.525198
11.245457,11.405801
-54.854858,-14.471229
-32.383324,-15.502907
-32.676353,-10.122092
-23.688217,-29.875376
-40.167328,-12.900561
31.468538,-11.600648
-9.524025,-48.714924
-4.092724,28.194443
-22.079525,-48.660336
7.006886,-45.626957
-16.272783,-12.611210
-0.361142,5.443486
-26.527826,-43.480541
-28.274752,14.366382
25.332441,-2.707048
-49.512131,-11.359268
-54.603584,-28.032793
29.944214,-52.572800
24.562290,-11.406270
-49.839241,-10.406197
-12.958029,-45.436012
-39.234306,-48.529842
-8.004145,-60.099064
-0.592233,-31.928574
46.467079,-17.380449
-55.828323,-29.064053
-8.381824,-25.568180
5.153812,39.014317
23.661856,-29.583786
-9.005062,-37.215343
-30.752468,-17.484859
29.284969,-54.055313
26.165562,-25.621923
-31.331125,-36.499138
18.209879,-45.082375
14.305215,10.261206
-45.337658,-34.043137
-19.633142,21.855061
-55.958664,-22.809179
18.889904,-44.896095
27.704908,-29.743126
-38.806938,-46.790161
-9.635581,-47.321602
4.596745,-62.307102
-60.560902,-17.641472
-28.777538,-19.445244
-27.104971,-28.417934
-29.825142,15.934134
-49.539818,-4.054017
16.951942,-26.903000
9.510158,-60.381023
-50.776833,13.432547
19.904604,-2.028838
-30.326765,17.078924
5.940053,-47.752827
-35.144894,18.885683
-40.329254,-30.331785
-0.793603,-31.548574
-3.261525,-54.687187
10.810080,-9.882439
-22.923199,37.257839
11.170799,15.739434
18.033289,-55.825325
-43.680130,-18.014936
29.256939,-46.258488
-6.461384,-59.038235
-16.211418,-40.284424
-29.834366,-15.116325
1.780181,-39.832184
33.992496,2.065264
-6.205472,-52.632587
-1.314424,-49.602100
15.627840,-9.996214
-26.162968,-52.967388
-50.019314,7.603124
-48.717144,-13.133713
23.054823,-26.373444
-12.676651,-44.356445
-53.253338,-20.464287
16.586765,-55.675617
25.913507,-50.150967
23.193394,-31.438660
-29.579494,-2.835791
26.601185,-25.982948
-58.624584,-6.448077
-15.826223,-16.641048
-28.534922,-0.728099
-19.789545,-25.647562
-7.561321,-28.306683
36.646202,-27.271143
39.589489,-5.005168
-25.798923,-52.133320
-58.388130,-17.701256
-12.730964,-4.667151
7.881669,-60.075771
27.484194,-10.733409
17.211468,-6.826143
27.383215,-41.954746
-9.428992,29.735878
32.470310,-4.758934
-43.734974,-34.180420
18.808102,-48.347683
-3.169804,-31.881006
-28.517031,-20.721624
-1.775325,-1.023791
16.176779,-47.293411
34.418560,-28.894745
-19.142714,-27.502474
28.821507,-21.462486
-35.721645,16.637589
-12.783657,-34.562099
-15.719645,-31.161940
7.236601,-4.110409
-33.130436,-11.320690
-20.856215,-2.959028
15.060445,-51.639709
-41.430416,-28.891621
-0.575107,-55.434822
30.849766,-31.345453
12.988312,-26.773075
-8.233078,-25.240131
23.898975,-31.860876
26.288218,-25.896782
-25.377991,17.159487
-39.216480,-8.976501
-4.456764,-58.242878
29.390087,-40.198902
-7.874091,-11.619760
-58.956692,-13.130256
27.041271,24.610100
-58.843479,-11.800464
48.842239,23.126429
-17.310135,42.497501
-41.087353,-19.335924
50.589520,14.566890
-32.355206,-46.786060
0.676895,54.477829
18.367651,34.678276
-11.062852,33.149216
36.685665,-6.955040
-9.956008,46.860283
-24.545822,10.172132
29.999998,44.922699
45.305977,1.688985
-18.422926,52.039368
-3.407200,50.932709
42.021626,33.567814
57.221649,23.392851
47.885139,29.639803
-9.100824,-32.100456
38.135754,50.788872
19.503382,52.358669
49.629845,37.303028
-17.466179,45.701908
22.494640,-1.038326
47.228012,28.767101
-17.502686,64.709869
-10.871095,39.972168
-41.540817,-43.362068
-64.748405,-14.609748
18.322948,56.986336
-13.507299,-4.976449
-4.579822,-47.762756
-6.349253,54.111767
-37.620094,-22.588329
58.978580,30.436079
-5.607393,-30.463337
43.848011,35.108704
38.186153,52.577370
-2.715848,-57.412865
-41.417706,-6.796966
-2.868891,26.978338
7.666191,-34.397293
-17.672548,48.468567
-4.876190,-28.483974
-17.153946,19.721264
42.740776,52.438728
54.011715,46.334332
27.704525,17.376276
-31.130440,17.609785
-33.661777,-35.796886
37.270184,11.426442
46.383400,4.558535
-30.800230,14.158121
13.148628,-36.918419
54.555428,24.755735
-14.069358,-20.154814
-18.142536,69.220322
-56.019104,-17.396858
39.747944,-13.745954
-1.495268,-39.707428
-3.218353,-59.560471
62.367069,26.658628
14.337371,48.280910
43.071083,52.042118
-24.580908,44.048817
42.517849,14.951076
1.369085,62.158455
-14.084191,43.884377
34.925980,52.233585
39.396118,26.124184
22.061829,-10.139453
4.573662,51.447502
-22.005119,-47.437321
-0.844421,58.602207
-10.252009,65.421059
48.222851,48.871044
38.778755,54.548489
27.115120,36.861946
27.837761,35.141815
11.068930,18.722176
-9.571995,-39.619793
13.961962,-39.235020
0.973778,62.458797
26.657873,36.103146
-16.043591,71.459091
54.341267,19.691778
21.670389,-41.718407
21.708984,41.766708
-15.963072,-41.675159
7.140792,51.018600
-42.982822,-18.588120
6.098798,50.722431
-1.058166,8.233827
-11.007692,-49.263126
33.959938,15.539893
52.763668,36.580296
-16.169159,67.453865
35.981117,7.606341
44.175095,49.463047
62.678307,31.094147
14.944433,-40.298737
29.940395,49.358238
52.425079,46.010586
-6.983779,47.096943
-31.480261,3.187089
7.680080,-53.572704
49.851837,44.211525
0.036848,35.669247
33.026970,23.919197
-24.115719,20.333418
-53.797970,-21.178638
-52.529152,-2.621939
-10.114305,46.807514
38.212303,16.830994
16.413862,57.112793
50.273369,14.244759
-5.114122,47.305668
19.615906,-0.112267
16.344898,21.843243
-58.358063,-6.491768
33.263512,13.194817
-40.796631,-4.717144
-17.285446,61.079189
-21.203403,-9.057059
-20.674452,-44.996902
-2.916532,40.894001
18.175777,22.827864
-17.020784,64.889366
57.558727,36.973537
61.217522,25.769087
-22.881132,36.090008
41.867035,19.555553
-1.668081,-0.521971
17.037226,18.131153
-23.113447,40.075157
-46.649010,8.454226
-56.355534,-1.001603
37.390667,50.823727
-1.021749,60.568783
44.944881,52.590755
13.965204,-36.904938
5.909491,38.781906
29.151653,-33.353165
35.221584,51.552109
-9.002517,-26.437231
16.622051,48.643757
14.568181,53.788612
5.767692,40.743073
48.987774,37.679176
53.774841,43.465263
9.463192,-24.522202
44.253819,44.639618
15.981678,48.371674
1.492127,-56.414928
35.731495,-17.853033
-10.328840,-3.376451
16.496584,46.371223
-19.992203,64.677658
-38.338280,-8.760312
29.809492,24.334631
3.998713,50.579998
38.645020,-1.142377
53.162880,39.368015
47.879517,15.066342
45.461842,51.180450
-3.993612,53.053326
39.590836,50.672077
-27.382078,-12.227913
-31.758680,19.030785
59.724274,28.185112
19.632208,52.201218
33.416672,13.783765
-5.659719,18.839762
20.571024,-55.178719
30.217051,21.393221
17.764668,24.739109
35.407906,51.929474
45.930748,44.912388
62.362682,24.506714
51.946953,21.146370
50.385815,50.556812
35.940254,1.668842
-6.685053,-11.751482
31.646366,25.456371
31.403852,50.754982
56.473644,39.579601
-24.429308,44.647545
-16.377121,44.174831
-11.549281,-12.956843
44.803394,37.651981
55.324169,42.215054
11.121147,11.860465
12.650168,-56.368561
44.059528,33.193718
25.995453,17.080435
-8.594999,66.617958
28.990007,43.386494
43.991295,-1.559245
27.348068,36.730938
-16.599863,45.501427
32.680275,13.245160
20.363659,-1.465761
9.788958,0.737076
45.064346,15.235266
-2.216260,26.348751
14.215352,48.653339
59.246826,31.300680
25.572126,24.228329
57.149357,16.943518
34.184933,-47.200027
15.565521,-44.642647
-1.876203,25.906008
-25.972963,40.841873
-55.508835,-28.860607
6.627512,-40.683891
31.512405,25.153482
51.892929,19.181974
-14.729396,47.909969
0.983125,51.569111
0.213536,46.381691
-36.115372,-46.406433
-20.911682,47.563171
28.785889,35.984425
14.409103,11.785765
-23.784269,17.884466
-40.161133,16.255877
34.399551,54.182785
-5.887849,41.631104
-53.625206,-4.787255
18.080360,55.536301
-11.399850,40.278145
-10.590436,38.724720
23.108347,19.219124
43.269428,26.546631
-30.579798,-47.008045
42.699944,51.739017
1.561213,-40.145542
-44.762161,-12.388815
-1.421536,58.358643
-40.466801,-31.471907
-57.041977,-7.058970
60.670845,31.835335
-36.927410,21.319147
0.462610,47.586769
38.820061,27.430544
41.860062,48.821606
10.704393,-25.940063
20.081640,37.048199
-14.059607,58.226658
49.737377,48.281425
0.238342,-59.692612
-42.518429,-42.448624
39.847797,26.617456
31.047756,43.313530
18.469305,18.024139
-27.397346,-5.131991
-18.140862,67.005859
-2.266554,50.408283
-30.182642,-15.652792
48.717945,34.791927
30.584198,43.774017
34.448643,47.645763
-9.462626,30.276909
59.006844,24.613089
51.724991,46.643322
-18.310371,60.639904
-53.322300,-0.279091
5.084427,35.336681
-21.660681,18.642429
-54.934448,-15.214812
9.349742,38.889233
35.900272,14.748858
-22.858448,35.522358
28.111074,24.022598
9.189061,39.464432
23.793550,36.183636
16.060680,21.874815
26.054943,49.879536
57.822144,37.237644
24.699907,-41.564602
61.140205,31.381615
19.450466,23.389534
28.971560,17.968887
13.648963,-50.917065
61.425568,36.566719
38.275078,-25.678825
49.544949,13.865651
18.514675,38.174038
-2.390823,47.461708
-9.158831,0.402806
35.837467,7.789292
52.549702,41.948814
-15.352608,67.275894
41.116947,-20.758080
-10.364512,46.714787
46.489685,25.251225
-1.805146,-63.013832
24.704042,18.207193
18.253746,37.858425
30.276812,37.704899
48.556847,15.492709
18.467157,38.523640
18.136770,46.786903
18.892250,-46.356747
-2.569569,58.066120
47.694386,45.889030
6.563395,-46.708218
20.472044,53.549637
30.667124,50.598900
54.633511,41.150414
-23.311275,38.639938
20.120007,-6.731381
16.565592,42.359116
-27.416201,-31.986370
-12.305080,55.024269
19.228569,-23.194935
-9.169664,17.601938
-0.287663,35.654404
-28.161667,12.996128
2.078577,42.803410
-5.097931,-15.328281
39.035866,18.136644
8.074682,48.509010
34.015614,44.278519
-12.940883,63.822239
56.730873,28.090794
4.574244,35.412888
-32.537640,-12.385894
-6.403738,19.212910
-2.019559,48.852531
57.019001,16.714579
20.952751,56.976200
-5.910731,-52.732353
-3.912693,41.135349
6.593465,48.391624
27.705568,37.866360
51.020767,47.394466
-16.685808,42.632614
-6.208805,42.299305
-21.823807,-29.021357
-14.096668,32.991028
29.200783,43.292149
-12.972177,33.235718
-55.626438,-24.654465
44.634254,11.890949
-14.090119,57.937061
22.341324,51.347836
-46.843555,15.393592
-24.176645,40.483555
22.119646,54.017151
49.429459,38.348515
-32.622204,17.723644
-7.924749,29.566242
-47.866703,-14.998410
9.091420,-0.813618
-18.771120,18.419605
37.063614,-1.587525
4.126115,-54.947468
50.659447,37.390121
-10.511440,40.523685
33.941238,-27.603020
46.481739,5.205413
0.298696,8.529466
34.686069,17.005772
61.396969,32.058048
6.215299,46.801369
47.230499,2.763398
6.503116,38.565815
60.156151,37.264191
62.867611,24.553795
14.680342,-44.285702
35.570786,20.440742
59.885536,31.871513
-0.719386,57.632515
0.510367,-64.598511
36.995117,-18.124859
44.687653,47.679264
-0.979786,-59.828770
-62.749615,-26.485483
2.514538,-37.060589
-9.546885,30.330505
-15.452078,57.794083
19.551632,58.406147
-5.785244,3.030753
-25.152721,-30.291365
21.364388,55.001408
-18.903522,-48.322987
55.532681,39.371265
-3.975380,46.917816
32.140514,13.928314
-13.151918,65.345970
8.681343,50.974346
1.079252,-9.244335
-27.095076,-18.451506
4.782412,-19.942911
15.267208,-33.214615
30.784960,-23.497801
-16.361675,57.058952
-17.291187,-50.829067
54.476265,42.524948
18.776377,22.435558
32.109894,14.456814
60.036617,32.353165
21.777601,54.590939
1.756812,63.626667
-6.203364,52.741184
-36.356262,-20.966215
-16.245081,70.309364
16.060051,34.826237
-35.430134,-8.792892
-19.851154,41.620373
51.858166,40.333672
23.213959,17.518860
41.275017,-4.298714
34.367786,51.002426
38.247002,26.854517
-10.669991,34.652645
23.334890,39.960979
42.821327,32.584335
51.689835,46.350803
6.667313,37.145538
44.937168,0.232703
6.653775,42.433132
44.237450,51.689747
0.831098,57.565796
37.053936,16.076624
56.413795,26.204590
36.157215,0.021004
32.233532,13.444262
45.081211,51.256382
32.047585,-45.983898
43.648834,45.089474
-0.179539,10.897242
-43.306904,-25.976702
22.330023,41.182938
45.272839,10.375677
25.921591,34.117374
17.158886,56.570827
-42.298191,0.107132
2.917815,57.771503
4.953979,-30.548304
50.349125,51.763409
-6.750752,-33.630535
-7.327027,46.344379
-7.388993,47.012955
46.389645,42.699081
29.715075,-12.417491
15.645667,45.955425
40.584499,27.396965
24.089594,18.460266
-13.365224,64.029716
-3.597543,-36.396778
47.813992,34.448536
-30.312445,-50.961300
60.060478,26.656958
20.214491,26.780546
49.042858,14.367396
38.575436,-5.993452
15.173555,51.608154
-11.353393,58.525639
28.135798,-29.728374
53.674313,41.114113
-54.705593,-29.790743
45.705025,25.531460
19.333286,-26.563406
23.882254,39.459129
-63.153244,-19.511637
0.915552,-4.208369
12.654462,-37.331245
44.120609,37.786606
5.344635,44.217407
-0.986273,35.522675
27.736399,-54.401276
-18.744144,-13.660604
-34.397213,19.922991
22.724722,39.085388
52.203976,24.594624
4.652920,13.045698
-17.866177,67.702812
26.671019,33.812325
32.969299,45.344788
18.297411,36.608128
19.533789,19.603510
-17.844490,45.913136
-8.025683,67.142067
42.454464,19.064520
21.686756,53.829781
30.282784,42.803478
26.903954,-29.902515
-49.836933,15.953032
-46.763191,-22.689369
27.113155,-12.657577
43.566223,14.375630
8.505455,11.365253
49.703896,23.000549
-6.141007,-12.676928
-44.174202,-18.574541
45.523464,42.287952
-46.309402,17.531746
-11.138875,3.490348
17.043055,-47.662392
18.573101,33.945015
46.349964,11.416504
54.443531,27.388300
38.423981,21.768612
-4.568155,29.207603
47.944561,30.156471
50.695984,49.933769
-19.753473,41.359138
58.249901,26.344755
54.489899,43.874424
-9.417975,38.094887
31.934362,20.094145
-3.148691,-65.026176
42.414703,-20.914778
-18.856821,49.722530
27.802284,52.169628
16.899942,48.168552
2.010057,50.433758
33.360199,48.399902
48.044514,26.683016
-48.277035,7.706345
46.287949,49.885468
-14.429382,44.835625
49.954529,14.406145
9.561672,11.260336
-18.647350,-27.149895
-47.930496,-17.070061
46.994164,34.337048
2.947702,57.952976
-14.100940,21.416925
-5.261516,-57.432442
-10.849024,31.083399
-10.952165,-47.787678
55.864647,16.723202
58.835320,29.235128
-15.536199,64.893082
0.606874,8.906632
42.173248,-20.899967
50.121269,17.699251
45.523167,37.408165
-16.837927,56.850697
0.459709,-27.510323
39.926895,54.762733
21.728928,50.312885
46.023579,42.070232
34.037609,43.281578
-11.758018,45.515053
41.228397,46.897507
-17.000542,-40.440315
-24.498873,47.308891
-22.315613,40.956779
10.680041,8.314728
1.475744,58.347591
47.512478,14.941179
-14.520510,63.845413
1.766567,-5.941582
-0.656918,47.304935
-31.627155,-41.460922
36.661789,49.897789
-8.280029,4.216081
-1.011577,3.110792
33.558884,22.905071
-10.858179,46.916389
48.450157,45.496632
-51.839401,-13.096337
-28.974436,-0.661825
45.097454,34.306175
39.955116,17.241472
-12.584234,21.534269
47.791313,34.120785
0.956584,50.754822
27.020466,18.442701
-25.042002,46.179890
-3.084855,-35.684158
-21.239275,-50.211281
-26.622995,-6.977755
3.771887,38.327984
9.569783,-6.866844
54.918278,20.268970
-24.858061,46.882385
60.095650,36.337009
43.721104,34.317997
8.218449,51.398376
45.491436,-0.630076
9.955917,-7.868206
57.161846,24.937468
23.223095,-47.704765
39.770317,16.317423
-3.119178,-9.370767
-1.152386,3.962280
1.545445,59.695465
43.379498,26.986490
14.166037,45.229435
4.198726,42.415936
15.594441,50.684013
-53.996307,-29.519133
-4.859619,50.450981
-12.774067,62.426247
49.011047,49.404976
-61.894783,-27.051453
-24.536846,43.743629
-56.035622,-0.594299
45.019550,38.111088
49.077785,24.831440
50.473118,22.206158
20.150969,54.308025
32.272552,46.134613
9.433020,13.986880
36.499359,19.003759
38.561966,16.881517
24.386320,-10.567055
-40.579933,0.094170
45.808788,0.961102
2.995055,46.708679
-33.039143,20.759098
26.442204,-42.441536
5.485420,11.889990
-8.919441,-12.523714
53.977867,24.987598
48.630486,29.168938
-14.831846,54.796879
-15.134358,56.293438
-16.315750,45.714314
-46.423519,-33.431519
40.066677,22.473701
4.548586,50.231422
-30.670443,-50.505589
35.947479,54.487892
18.564030,34.471973
-8.996284,-14.882112
-3.641791,49.981972
15.904611,32.452332
45.289612,0.648452
-9.340639,66.273453
-7.672717,31.037926
30.302401,-20.433990
58.816444,24.971888
50.600899,35.195972
-1.492984,5.145942
29.872538,42.352505
53.739761,18.821535
48.383640,44.280323
-19.934753,64.937302
6.222106,-61.879776
-9.667785,37.668106
38.924168,16.598822
3.410068,50.555534
5.965899,46.908268
29.812866,36.464310
36.486805,8.320554
59.621746,21.610519
18.057339,38.702332
-14.505999,47.121708
42.731560,53.774738
26.447256,18.150057
6.577609,2.426805
34.063080,-46.642311
-20.731361,47.705536
-12.114553,63.199417
-42.298054,-25.831549
20.599764,-27.838762
40.747959,50.411583
-57.275291,-6.201830
16.499996,46.723991
14.423943,43.840954
-23.043329,43.554756
-6.697344,48.140789
35.346630,-1.159047
17.488535,47.708179
-5.644644,49.885391
-9.960815,67.274712
-15.470057,22.094549
-17.454683,-42.182678
53.772301,19.196257
61.605103,22.690958
6.721566,-1.421134
7.119282,42.227871
-17.158590,69.027298
32.622681,11.964812
50.591297,23.036470
29.094986,46.074951
44.748135,16.514841
-2.744853,48.495331
-8.182247,23.900053
44.098282,26.397179
2.270926,18.720806
-64.289192,-22.110138
46.483894,43.285137
24.054035,-56.507515
1.674094,-8.456083
28.028913,-12.518853
49.623009,14.355332
-23.221781,42.175274
-15.997138,-35.879906
-52.645031,-3.231367
46.682144,25.063070
-11.341632,40.950642
-4.658646,-2.635609
-55.779404,-3.802407
45.402752,26.127005
-17.002159,68.561447
45.711586,23.032061
46.867798,49.704140
42.280102,47.703564
33.744503,11.569172
-22.558943,34.920528
18.555733,-58.890804
41.442467,19.556631
48.733875,49.873802
6.329394,44.955315
-11.054337,59.197903
33.941139,44.276524
34.492958,-27.770041
-2.981332,58.259670
8.708231,39.270042
-11.263551,59.089409
-19.558758,49.605534
50.611423,43.545979
5.084637,47.474804
38.962677,-23.367258
-50.383728,-14.622376
40.472031,15.921945
52.015244,46.654606
-23.837101,-4.731200
13.742126,-56.505257
-10.546722,-21.794449
19.239523,56.808697
54.403728,24.950191
43.793209,46.565258
-16.524504,-17.552526
-11.778090,-35.431171
21.934330,25.380281
-3.514496,40.965027
-3.944533,50.411884
-8.192644,-12.243652
-21.118113,47.457291
26.415888,35.865364
4.929387,-30.669336
26.464897,38.530704
28.796566,46.059052
34.516850,52.340286
20.688101,17.728626
13.841654,53.145432
19.407944,-42.238163
1.287035,-53.851639
0.802765,-6.760192
-0.106855,-27.066515
-25.564734,5.636792
-14.145702,62.283035
60.780247,24.572115
10.891063,18.823132
41.850624,51.746262
5.942049,-7.062669
29.956881,37.645443
-41.156982,-4.248791
-14.193886,54.759663
39.700924,-24.993170
-12.061510,38.642181
-22.746965,41.776215
4.669405,50.687737
15.119438,47.296112
19.336012,37.096394
26.470564,-16.700094
-14.814951,64.740364
46.462479,26.557045
-10.987344,-26.151167
-30.741114,-4.584906
6.962090,45.240246
-7.606024,30.309418
21.321241,-47.895576
-26.933647,-36.720085
-14.262568,-30.267948
17.842609,22.015280
17.055841,18.777058
-62.500202,-14.340075
-6.235011,41.920135
-10.771122,63.967903
56.096294,17.497580
-17.726419,68.753746
-34.800327,16.547375
-36.590767,-0.687759
50.630844,32.820194
50.433285,43.523285
42.064629,51.459633
7.950742,-54.934639
2.427793,63.542366
27.927143,-46.868248
-18.294546,-0.084635
20.592670,57.184124
-1.927906,60.945332
24.460278,-45.016850
-16.382219,43.326511
20.902725,-32.136475
-4.272645,51.438965
-4.214660,-27.607128
17.483385,17.895224
-15.309219,55.391926
57.926262,21.417830
-50.487228,-5.347891
14.807320,12.308962
27.055960,50.837349
19.027582,40.062523
-18.281200,47.343201
34.232574,20.106112
-34.099400,19.971842
4.004647,35.890156
-39.104275,-49.386517
-62.145493,-19.906275
-4.108496,54.778755
-20.932962,-24.031507
5.705268,-0.668832
-26.532505,-32.277164
18.099909,40.670902
4.468896,59.339157
48.591652,37.932270
-0.734142,-9.025159
45.755157,25.441767
-0.824000,11.127414
-27.304279,0.385484
6.662635,43.234112
5.952303,-4.073881
12.975694,-24.637226
-2.596008,-33.989262
3.249346,17.833166
-19.189785,50.336311
23.644836,18.774536
57.354687,42.983982
14.256242,21.391491
11.815761,-26.470125
-36.432560,-9.979609
2.959576,63.609379
39.122192,26.529562
0.439583,-54.440105
-8.155867,-3.639642
31.116587,-29.360262
-18.759796,-48.855896
-38.634129,13.801715
19.097586,19.191080
29.861149,21.089018
16.781136,-52.538357
0.245439,51.315018
-46.283611,-17.088820
-7.955984,18.236395
-15.101960,-36.090797
23.737347,-56.380238
-3.024296,55.527328
30.614624,50.664795
-56.842396,-10.546200
-18.679663,65.504822
53.333237,18.584682
8.580149,39.266373
-34.337536,-46.397030
-31.880684,-15.037333
9.993171,18.581163
-25.464554,-36.075260
56.295429,17.621683
9.322970,-53.643513
18.439039,56.309498
51.696228,33.423687
-14.305012,66.303474
-17.525518,19.966452
28.934742,17.886692
60.335705,23.684340
-11.152977,23.333487
-11.227295,39.547867
23.969835,49.242775
-17.109867,61.649956
18.106586,39.390068
-7.403282,22.564430
58.647942,37.427746
-53.624172,-24.362785
-36.154213,1.345507
-17.829029,66.739014
2.330622,57.724926
33.586498,15.481865
43.490547,34.307590
28.976337,24.924629
46.556759,11.304761
44.511993,14.794611
5.883623,14.820453
30.166225,41.577339
24.046808,37.729000
-44.155609,-2.053423
-31.859505,17.534172
23.982035,38.310085
-6.633636,28.230017
-56.229195,-14.105144
-5.647932,29.478134
-9.411430,66.932968
17.420486,23.491755
-10.677462,40.681831
-37.584328,21.589041
-33.450352,-2.330263
-31.080500,-21.604996
-34.756729,-36.062592
5.420853,-49.056057
-11.677111,-34.016037
-20.125793,66.194466
-10.250157,65.921829
-16.740450,41.796925
52.028271,18.071939
-62.359303,-26.769850
-5.427361,49.743591
-41.410912,-20.040939
37.377518,11.538087
-40.332939,-23.561016
45.530281,45.267838
-10.965832,-20.890629
56.932602,44.856045
46.498474,27.585340
50.307518,17.693703
31.280369,38.890327
-10.801513,25.480585
13.877134,-26.243000
2.316561,58.246159
51.871746,36.779057
60.921082,24.694796
45.759979,11.044240
-2.625911,50.930443
38.753387,51.481911
34.036266,24.950193
6.092731,15.071194
55.259628,20.747395
20.850359,17.613922
-50.952343,14.256904
51.593357,35.757511
-39.746204,17.377665
-16.096241,70.555115
44.877754,2.569764
18.381126,20.041740
-20.238607,-1.810544
33.437561,-5.408920
40.405449,25.604767
7.076204,40.986996
-27.496401,-49.457554
41.294033,20.508112
5.264972,-6.973583
43.617340,46.951607
23.041193,39.799629
1.946708,58.977707
54.028721,45.910786
28.251801,19.408478
48.330742,28.826206
11.274712,-24.157984
57.994183,27.459646
-0.476755,61.204338
-2.653744,55.506023
27.828499,-25.387051
23.017113,17.433033
14.157272,18.845762
13.662966,56.525036
31.090906,25.263012
27.103018,54.215778
-35.818134,-49.294132
11.084627,9.683915
51.429493,22.639406
-26.773788,-33.192268
0.994469,54.781616
-18.889576,-30.718590
4.227835,43.032520
1.929445,-64.640381
18.458467,19.277708
52.978069,46.843678
45.776127,52.151054
2.425508,60.544868
-25.384548,-53.510582
27.202686,54.381199
22.289885,-44.408184
-7.909617,65.415497
28.174770,-37.278004
33.648827,44.753048
29.037519,24.256971
-7.064536,-16.737600
26.651306,53.029243
-7.318001,-28.391140
5.480955,15.849553
-38.328102,4.614507
16.898348,41.459362
9.960041,-29.116388
30.188713,46.077148
15.568556,39.467838
3.909001,39.268700
60.463272,33.790432
15.714686,45.036503
41.447319,33.808403
7.838058,37.078964
11.893375,18.548309
38.152115,20.859886
-31.845308,-10.808637
19.389666,56.404327
-18.213091,50.593143
43.799664,37.186352
-15.981604,70.512741
46.284740,50.593723
-18.963999,52.026455
28.905407,-12.118112
3.874430,60.099873
-21.048597,-11.901073
48.143764,14.559907
-9.687613,64.971947
-3.237271,-9.200276
-30.862436,0.232910
28.237232,17.832603
38.551586,53.885262
14.605953,54.659370
14.423873,56.304073
-35.203472,-44.072510
15.782224,9.926858
37.570992,17.367916
-41.575222,-24.886192
54.493843,26.485964
-33.924416,-48.053360
4.721421,-54.275150
-16.030050,71.046196
28.758440,43.069805
17.234720,57.367634
47.881561,28.402330
8.861572,50.535545
57.283413,16.402079
48.750599,50.125797
58.863667,31.902920
29.662750,21.981503
-27.061945,-28.446409
38.884720,21.603773
60.657780,22.555180
-3.083529,-51.511272
-7.660664,30.940168
1.530692,43.725407
27.615734,24.686766
26.578693,24.216801
28.382950,35.665409
43.304466,18.293209
-16.201139,63.667740
-3.022984,40.880512
47.046906,11.485253
21.814560,-53.183174
24.457024,-7.515237
-28.135588,15.009258
-63.253571,-14.694689
-18.054615,44.026070
40.477608,-20.208157
1.177229,58.870068
-0.692844,59.860302
-16.210337,55.635098
15.344158,44.807327
-1.027864,56.911541
-4.211280,42.798389
61.158413,25.453911
7.592735,51.205814
9.802182,-7.466706
-47.704250,-23.940174
42.652069,18.846817
-49.814751,19.357571
-19.974001,-50.779594
51.068939,35.925663
17.180054,55.842087
26.229939,52.199104
9.436658,38.290073
-38.572659,16.196320
19.643486,-10.048872
-14.463348,20.157797
30.617811,35.980423
44.846291,45.690281
-3.616356,-61.413631
52.633167,34.433311
2.128458,50.806755
3.411732,60.086121
-0.821459,49.810516
-49.824371,-3.488088
34.980709,52.809948
1.704235,50.243710
37.086689,17.323202
19.315538,55.883118
-2.324972,-56.896252
46.069618,24.693371
15.312039,-58.786125
49.234192,30.583845
5.707966,36.269661
2.331254,64.047928
18.807745,21.478336
-16.943834,42.237782
-15.090791,-10.815494
-46.178291,8.759589
-2.709393,-54.347572
-46.691273,18.264368
53.710506,47.023041
50.376926,50.363113
30.499445,43.695057
-0.349285,-61.006409
2.511645,43.386593
-4.428464,40.510513
1.762456,46.272461
32.320152,-0.611220
35.153198,-7.514186
30.967672,40.711964
36.733173,50.179234
49.372253,17.132250
31.854570,19.540771
57.265194,44.302288
-6.797725,-11.466132
5.883608,48.563522
50.825718,51.096943
55.723637,46.493401
-13.512159,54.664421
5.832081,45.941383
45.947609,-0.158273
5.288103,38.150852
-1.082107,46.760155
-5.897737,-50.593548
-6.550349,28.577765
21.173471,-24.328445
61.308563,29.964539
-37.285107,-47.922443
59.391293,23.244396
-19.544561,66.122665
20.459150,25.882517
-5.772834,-14.398223
27.246679,38.688454
-17.865896,65.575279
-53.392998,20.962410
45.226753,2.441320
11.947479,-25.892666
-27.144943,-3.484168
26.732615,-14.685690
-10.896003,-25.192492
-25.939993,17.363941
-6.911712,19.922598
2.329131,-36.278519
-21.085192,-48.110676
-14.210142,53.738003
28.338486,39.813126
30.020452,48.683838
-51.918503,-9.715919
47.710358,25.196535
51.972599,45.522495
-13.619657,64.033310
-37.781094,-49.193283
18.393454,55.582867
-41.000294,-5.761829
29.967255,43.519337
-2.174638,-19.097742
43.509708,11.449331
-34.305382,21.462534
-11.940118,25.082567
19.857620,57.277927
50.269188,31.857878
16.011036,34.800076
-48.924915,-28.125952
18.787374,48.864502
19.420902,49.507973
30.448179,36.445034
49.378658,36.488411
26.597105,16.908525
24.634321,24.392851
-20.246365,23.410690
-48.837387,20.213423
47.498066,50.522984
47.646553,25.824003
33.611443,43.695663
34.123276,53.245945
5.614500,-62.546497
-47.759197,7.372729
25.907503,-30.094946
-57.207344,-10.677382
-0.838348,4.366824
-23.839010,-53.388981
4.800882,16.581350
-10.564693,46.273048
9.661079,-5.079013
-32.533051,2.813447
23.835960,36.654358
9.980720,12.742313
36.653057,9.199501
48.201092,38.017273
2.071436,46.698055
32.173843,-25.171278
60.123222,30.547316
43.902122,1.447335
-2.221890,57.962181
49.007072,37.372116
-10.075601,39.159672
37.596493,16.592110
0.688912,2.655519
10.175861,-31.175648
-6.376620,-26.437426
-13.151533,63.516003
42.858871,-4.275960
52.559605,42.704575
57.117401,16.498468
-16.748804,57.577316
42.437511,47.806599
18.667612,56.208298
12.743715,-22.418541
-13.139583,23.483892
18.802801,19.376162
-14.984859,47.027809
24.426203,38.565834
-15.611513,-9.133949
-26.283001,19.645941
-54.272411,-1.791276
4.680379,16.753412
43.119816,46.905491
19.423393,20.362831
-27.631460,16.652050
-5.679607,-33.381420
-27.590487,10.023842
9.094757,0.270166
0.302339,-51.769459
36.098682,0.634804
51.394077,22.948963
62.434933,21.612892
-19.210449,67.130829
29.128328,36.920753
13.916614,-46.064339
-5.976659,5.153237
61.211956,25.218012
-12.420403,39.332512
57.617691,45.359875
-8.327746,27.415989
17.078579,37.904442
-23.707991,37.974091
-22.749516,-6.355340
6.385962,15.172941
53.473103,40.400253
-16.650799,65.687347
-7.105645,19.319809
-6.417931,4.769953
-7.122478,-39.857136
14.619438,47.991459
32.582062,19.730177
-0.910612,9.354007
51.921223,40.053032
22.314781,52.522690
9.639169,-3.975619
-8.712958,-1.276170
-6.925906,47.596893
57.049480,44.418713
36.205105,4.027527
-13.308570,43.711285
-21.399328,-0.501563
-49.402763,18.735851
-53.758018,-27.428450
32.103619,43.967331
-2.247181,-51.660519
51.269623,50.644501
36.219418,-1.543825
6.441591,-9.342223
4.799010,42.985359
22.848127,-25.426743
39.052608,18.513887
-17.128185,58.249317
59.186970,21.757795
-1.995961,59.160114
46.461693,34.592339
28.402437,43.125538
-0.363331,-0.907520
26.719309,-42.327103
28.453773,42.978474
-56.428474,-2.424274
1.229883,-59.673874
-18.441458,-44.633354
5.996608,50.850899
-9.041310,24.676565
-51.886673,12.590709
-17.032003,45.272522
-32.171658,-21.417194
-21.101465,-51.503395
45.304863,13.036102
-24.288988,25.033772
-5.248362,22.577148
-22.726912,-51.670128
19.448511,47.463131
32.729740,42.775177
57.805897,29.301958
0.556821,44.980431
18.271709,40.008488
-13.506186,31.080755
44.163612,35.467678
-16.765591,66.902588
-1.782578,48.554317
29.340731,44.832195
11.744688,19.752558
15.239088,43.434357
49.540203,43.897964
-53.577003,11.915028
35.572945,52.367176
1.811052,63.351513
-6.786507,27.905045
37.129852,9.978597
-4.818036,28.929895
40.581444,26.548790
57.540428,44.591404
19.887617,53.318653
-9.578667,-37.484932
15.091431,46.071838
30.472816,42.401634
-16.628511,-52.536827
-3.870123,-15.992217
51.375992,23.925543
16.936144,35.050636
33.033508,48.569798
-0.908204,-19.102791
-9.419084,-22.118666
30.625885,38.716019
32.506275,24.750694
39.798862,25.889891
59.677467,32.178818
21.462467,25.871954
45.198139,1.416510
0.659212,54.196766
-17.798479,51.380459
41.793358,15.433162
-14.666040,51.341034
31.461725,43.993767
-22.220348,44.086559
-3.805897,17.731760
20.214685,37.692444
6.505731,48.122894
50.362606,34.891384
4.692262,37.791622
-11.565992,5.131025
43.640682,15.945186
-8.005593,23.155058
35.571728,48.902706
16.871908,-46.094090
18.307852,-12.057633
47.972309,49.095695
-16.683184,41.521610
3.602845,-50.980614
-23.391033,-16.239534
-33.829700,-2.032131
24.337017,37.445049
-33.392334,-12.415492
55.016598,41.657558
-46.885506,16.560677
-32.947952,-41.518829
-16.292746,62.533363
-51.791821,5.267617
-11.824939,41.969654
21.999788,-4.948658
-19.809830,-0.733930
58.943695,37.330738
2.853643,48.023010
53.677433,43.569416
44.765583,35.736343
-52.744873,6.441015
-11.236816,22.437935
49.256428,29.999775
4.901915,50.675602
49.646656,32.516491
-11.066053,-2.459813
22.188953,50.935181
-18.447458,65.107224
-43.311768,-1.895240
1.898387,-5.687309
36.048950,-3.245259
60.780205,23.299879
-14.122088,43.343792
-21.861675,-47.279896
18.347561,41.053696
-14.782830,57.877392
-22.476345,-53.183357
-46.675941,8.774868
-27.356447,-26.982075
37.241890,13.452638
-6.143386,28.141754
-50.316639,-12.836812
45.088825,35.412632
45.065754,15.983603
-9.947667,-28.430462
-58.402077,-12.931395
42.907242,15.621767
59.236404,26.326763
-32.297497,13.589877
8.943518,-24.123428
-10.997756,65.350563
34.055279,50.298347
-31.749128,-12.505939
12.603529,52.462009
44.333618,46.104603
32.551655,24.538639
-1.860328,-54.177437
-13.358229,32.802578
35.411583,19.974083
35.164448,48.495632
45.946529,13.923550
-10.726059,-12.984977
27.373110,26.094820
38.652393,25.265091
19.075460,-56.241379
32.485390,44.755821
7.925909,39.868271
42.057423,-4.156782
28.615088,19.276442
43.245064,52.995369
-56.028046,-27.167465
45.855659,46.565166
39.712627,-5.968063
-27.118528,-2.030170
33.466717,23.125059
0.442606,53.359787
19.204472,0.263985
46.769070,23.503487
-35.743649,-21.895081
-48.286041,-27.246626
35.620811,49.955856
48.691669,31.672264
53.269543,42.655949
-41.462360,13.672071
49.948463,23.103397
61.399151,36.388783
45.107006,10.452178
0.324115,-19.585407
-9.605820,-50.366100
-14.876180,45.716793
-3.768001,51.765858
-17.593695,53.453358
53.888672,47.666668
18.810280,49.033436
-4.415618,53.196842
-30.572811,-33.045959
28.487978,46.004890
31.041512,51.747047
16.381559,-11.312808
34.209034,21.107901
1.479842,55.793262
38.478992,-16.821035
-14.017292,-15.176928
1.555740,57.679691
-15.927887,17.697744
-65.466446,-19.153883
44.572559,27.331276
45.022583,13.807013
29.513660,-25.722567
-31.407879,21.165636
35.949230,-18.032084
18.259594,37.488564
-23.827623,-6.082782
26.978661,54.764305
45.471016,25.139791
14.541063,57.499676
-22.905437,-18.121220
-49.912239,8.798511
23.441120,-13.683480
-4.290493,-61.264034
3.002403,59.935886
-17.848600,68.489960
45.348724,38.433041
46.866123,11.760871
-23.481901,23.991190
-63.320786,-16.877872
21.398323,25.839924
13.596864,-38.751232
22.046480,42.269585
19.708019,55.175976
48.018951,46.920395
-16.831268,58.400993
26.699379,52.454742
13.001428,53.099903
-4.297488,-52.747658
20.579172,-0.146840
39.603138,-14.087951
23.242064,-13.770551
-13.265203,57.612419
42.798622,48.511425
47.384205,27.765709
16.758942,22.982292
-27.642042,-31.117966
28.742443,38.940498
2.320925,48.999786
-26.483105,-36.871372
-28.984365,15.013839
-16.476707,49.114372
-52.985233,20.806347
1.458573,44.464600
-7.392117,-33.468983
10.578291,-19.680916
-56.387005,-1.319433
-61.320648,-26.858181
-36.236202,15.415045
37.371365,13.856380
-34.161201,-45.488407
-8.755797,48.631786
19.184326,33.290859
-66.187469,-19.870115
53.393398,35.338638
2.368891,42.774651
4.088510,-57.419334
41.800083,15.831792
19.008190,58.292427
54.812828,19.721029
-6.726807,41.525860
61.637417,24.535900
5.178844,42.831970
18.600378,57.948921
26.976261,52.150745
49.190365,16.646221
15.260650,43.045731
61.012848,35.695465
51.757359,16.939240
7.131396,-61.757706
-11.231837,34.075630
28.741400,49.042152
46.069855,3.265015
-0.274737,-27.224979
-18.969755,-35.318272
19.639544,58.229652
30.661348,39.410233
-10.701278,22.041975
-7.221996,29.598120
-16.125734,69.003960
29.280766,-37.625313
23.706285,-25.452393
-10.358570,64.863571
-14.923645,21.496429
57.759087,24.576128
-18.607363,50.160141
40.907291,53.185234
9.948639,12.398209
-2.481695,-55.234055
17.865147,23.949007
20.516336,54.243076
33.643082,48.903767
-63.345409,-19.772173
40.808617,14.305516
35.364513,2.481322
-30.295750,17.258123
29.989023,18.237385
58.389782,25.501467
28.703484,49.461430
14.158875,52.799786
27.416920,51.927555
-2.228306,4.276249
27.581963,46.577637
19.650711,46.187298
0.455341,61.046143
32.415314,1.020680
-14.023729,57.157402
24.286442,37.204063
49.178555,29.828825
13.355833,49.147873
-10.751594,59.732231
46.988686,29.400360
18.834835,47.284069
38.896915,16.264942
-26.650076,-40.245125
46.182228,37.620049
-21.746155,46.273972
27.579069,23.408661
-41.506321,-23.636179
52.270912,18.511238
5.334173,36.383347
14.361842,52.191284
15.430757,44.326233
24.464205,-32.476162
31.918821,11.726865
-59.008537,-17.343418
-20.392445,-54.371620
35.535324,18.040289
-10.246552,-14.725256
-1.498477,49.873730
1.152957,-4.028309
-0.042789,60.110081
46.196968,48.102959
-16.388514,0.531339
53.304497,36.853661
1.009663,-10.084633
17.383356,48.274784
-29.190483,-30.400894
40.346180,53.350723
49.037678,35.687885
14.647757,57.892689
-15.541396,65.378105
-14.382617,42.834526
26.812321,25.633242
19.852947,18.669699
10.049311,-19.558369
7.873714,48.050495
-15.155799,47.976841
-8.016219,23.185162
-61.985046,-19.220137
10.121023,-61.281933
14.770292,52.506905
17.009863,57.550346
15.225886,-9.654205
24.760872,38.151398
35.061878,3.172180
22.861731,-29.625963
-6.352542,47.285778
39.819515,19.997692
-47.436131,-23.310806
-24.971842,47.528084
48.487877,32.276230
52.829937,48.738544
17.111444,46.717140
-12.290667,25.463345
-29.389158,-36.505341
18.731775,34.129810
-20.555553,-1.104102
32.787754,-11.570050
15.141461,17.921019
43.415794,10.630199
24.745020,-31.736818
54.305672,20.100927
23.000340,-24.547554
59.957272,30.659689
-5.505505,-34.652069
60.923508,29.457241
21.565117,-41.717094
13.562982,20.299955
25.582985,34.635025
-12.327426,42.702827
54.000629,47.218513
-36.263638,17.529718
43.718876,26.345999
51.617760,21.707380
15.839962,39.031837
57.250652,27.952013
-41.548748,-24.493429
19.892727,-41.574039
48.729588,45.307053
34.264450,16.175140
15.363081,55.955498
58.961445,21.171627
-3.187453,27.441259
-7.182460,-59.495808
14.386127,21.372290
10.645393,-60.331688
28.562727,25.044914
-28.540161,-6.088302
-23.058046,-21.362068
33.830463,45.735527
-25.607241,47.536232
10.884801,10.836888
-46.255184,-16.414810
-56.721008,-4.245683
10.363281,8.944106
-36.306320,-1.725751
2.206306,-50.271946
3.099204,-39.939491
-32.585991,-38.039982
41.765038,52.366657
44.837307,15.740809
41.009052,15.531303
51.027943,48.999542
-1.414660,55.328510
-40.198685,17.474276
24.140121,-24.896435
-17.584806,59.831177
0.472784,-60.426403
47.848789,49.990314
-3.782752,53.418015
-31.471088,-37.589428
-17.832104,42.267662
-45.093040,8.936148
-2.176117,60.062893
4.786813,60.061054
-34.639645,-39.997360
3.959420,42.895351
1.695009,-65.089218
-59.801373,-19.647272
1.085758,6.243909
21.022333,54.642517
27.331421,35.785301
-15.773372,-1.279662
6.044451,40.983566
16.929262,19.665997
-23.984318,41.187626
34.165096,-5.935025
22.741928,36.027649
53.656429,20.750648
39.216660,19.079691
-33.848061,1.756554
33.411121,-10.887622
-24.265711,9.185444
22.709833,39.341671
14.815059,19.879431
52.565220,19.227110
30.769396,22.426991
6.555513,47.714443
-41.046162,-16.181780
48.840515,33.034645
41.872284,20.014330
-15.463980,-14.059924
-2.583462,7.555554
48.530399,30.459122
-18.172045,51.327953
-21.637959,-22.878958
30.591265,-29.700891
57.463764,24.526318
50.858353,36.776432
57.718716,28.214533
-24.456043,48.151257
-12.563469,63.747417
-15.395991,50.057648
48.089298,33.448372
-20.227470,-53.484188
41.893867,-0.557704
24.737545,49.295464
3.824514,-15.759811
-53.852028,10.579035
60.399139,25.727934
-30.428774,-47.035042
56.217548,26.802877
8.175244,-5.050300
36.630116,-6.285489
-17.716938,61.170364
-16.103334,58.410782
35.553848,19.090607
25.879650,50.660641
39.519657,52.963112
-3.433204,-30.703245
22.591442,-30.164957
43.333519,-21.313322
62.568111,23.821058
-48.346981,-6.757257
-31.640759,13.322409
-25.607313,-41.921841
-5.840446,49.673973
0.066314,59.279171
32.718300,-46.415287
-49.301792,-14.551936
10.962792,15.526495
6.441913,-4.794917
-4.920222,53.567558
14.974304,56.592216
-19.540520,43.904202
-23.047747,42.699615
2.576120,48.097855
-35.364609,-48.204571
56.122730,38.637520
25.338398,-34.063778
3.353477,-1.653342
-40.920708,0.035959
46.162289,42.167988
59.499798,36.721966
7.715396,-60.494892
32.387993,42.500874
18.379572,40.895107
19.745047,-43.236813
-0.291095,10.014913
-16.858973,66.590813
-10.447235,32.534515
-13.609216,62.946140
-9.379663,38.270817
44.999660,38.981358
13.269731,20.419333
14.148888,54.742359
-27.261332,-41.262341
-16.011387,19.635077
-13.918451,-32.388344
14.559204,46.012627
46.517487,3.860884
-8.416167,66.010910
-36.495689,-4.342456
-55.414410,-18.396032
-16.426764,-4.790688
34.114735,49.683868
21.907078,-1.533175
48.224503,14.151898
55.220348,16.959778
42.351753,49.080345
29.619083,47.579704
55.024029,40.131821
44.975025,12.415043
39.247288,54.075897
45.169666,0.650394
-13.401274,55.223759
5.582987,45.559048
2.903124,33.335281
-17.749453,65.363983
60.838844,35.862816
43.399731,44.445858
3.316965,-53.794071
-16.226913,50.827175
35.476746,2.510345
60.053257,36.839546
-36.906635,-38.209103
-7.290530,-62.784023
-47.156288,-13.986467
6.660095,-8.154099
44.683338,51.034286
27.481422,50.670052
16.777077,47.500412
1.462390,5.342236
-49.655930,-13.766768
32.752029,18.307669
19.807194,53.031956
5.306794,46.133453
-3.888839,-37.639507
12.253921,-6.954908
-14.674232,65.713486
-4.230122,-56.596397
-3.412839,45.794025
15.994048,-44.926643
31.287043,44.657776
1.656524,47.743618
33.813133,-11.514698
16.506367,35.778324
-9.274090,-37.849602
-60.060425,-15.282426
24.683159,39.458961
33.938915,42.306953
-13.624405,63.471500
1.942763,42.894409
53.908649,45.309643
28.278648,52.470169
6.183099,43.949997
44.521217,37.475468
16.716150,-41.125477
-9.441881,2.151019
60.581493,36.531918
-32.675404,-22.228214
-12.786965,63.022934
62.539852,29.104601
0.527719,61.968651
-2.312430,57.677174
-34.428852,3.130925
37.344601,14.512029
49.819527,51.155769
0.692662,47.961903
-15.408944,52.067772
50.435947,49.107479
37.812820,19.340145
45.050392,39.479149
53.724583,44.697449
53.699852,44.387108
24.852848,-13.082247
48.725075,30.642103
37.457573,20.502834
16.086693,-26.214138
-20.265068,47.541992
-14.770492,67.615105
1.622061,-7.581719
-17.806599,60.894474
44.271969,0.281747
-15.139308,57.900112
-31.319973,-45.717278
-8.906862,66.127235
-2.938679,48.593971
18.408533,23.386847
52.297832,17.298931
57.626644,23.493675
-17.205866,48.578438
-10.786269,39.944366
-51.761982,14.680490
-5.484798,-35.414040
29.491272,48.712246
4.725407,38.522221
-13.250101,54.105164
38.754051,-16.831018
19.103586,0.229869
28.901411,37.803066
40.807728,20.637409
4.275577,46.439571
42.727783,10.329601
-21.114035,-2.589792
-46.140621,-0.491500
19.366339,36.832184
57.970295,23.012661
